Date,SVENY01,SVENY03,SVENY05,SVENY07,SVENY10,SVENY15
1971-12-01,4.54497,5.342655,5.676125,5.83426,5.954865,6.114718181818182
1972-01-01,4.539831818181818,5.241995454545455,5.629336363636363,5.852818181818182,6.041486363636364,6.195422727272727
1972-02-01,4.173266666666667,5.132080952380953,5.594942857142857,5.845247619047619,6.048852380952381,6.2114666666666665
1972-03-01,4.1414,5.265075,5.725345,5.95372,6.13178,6.271615
1972-04-01,4.591809090909091,5.520945454545455,5.861599999999999,6.025359090909091,6.151959090909091,6.251168181818182
1972-05-01,4.894665,5.81917,6.081475,6.19627,6.282555,6.349655
1972-06-01,4.583386363636364,5.482786363636364,5.839204545454546,6.014545454545455,6.15115,6.258504545454545
1972-07-01,4.840240909090909,5.574159090909091,5.874786363636364,6.024672727272727,6.141986363636364,6.234268181818181
1972-08-01,4.92825,5.706035,5.930525,6.029435,6.10379,6.1616349999999995
1972-09-01,4.941769565217392,5.727565217391304,6.002008695652174,6.128065217391304,6.223552173913043,6.297886956521739
1972-10-01,5.39841,6.006195,6.241895,6.355525,6.442995000000001,6.511335
1972-11-01,5.43736,6.02262,6.1870449999999995,6.2592550000000005,6.313535,6.355765
1972-12-01,5.293705,5.88925,6.07724,6.161625,6.22528,6.274825
1973-01-01,5.451735,5.941245,6.11104,6.18936,6.248749999999999,6.2950099999999996
1973-02-01,5.875877272727272,6.178759090909091,6.25625,6.289781818181819,6.31495,6.334527272727272
1973-03-01,6.181072222222222,6.47795,6.512283333333333,6.503744444444444,6.484883333333333,6.464833333333334
1973-04-01,6.754313636363636,6.734404545454546,6.666518181818182,6.612268181818181,6.5557727272727275,6.502431818181819
1973-05-01,6.754099999999999,6.63587,6.576415,6.547695,6.5256,6.50835
1973-06-01,6.817409090909091,6.704113636363636,6.66755,6.651754545454545,6.639895454545454,6.630668181818181
1973-07-01,7.118204761904762,6.72307619047619,6.64157619047619,6.606652380952381,6.580452380952382,6.56007619047619
1973-08-01,8.253557142857144,7.322733333333334,7.100828571428572,7.005676190476191,6.934319047619048,6.878804761904762
1973-09-01,8.529,7.678004347826087,7.3599695652173915,7.221308695652175,7.126378260869565,7.058952173913043
1973-10-01,8.063831578947369,7.061131578947368,6.86178947368421,6.851336842105263,6.89728947368421,6.963657894736843
1973-11-01,7.152314285714286,6.684176190476191,6.6215761904761905,6.639128571428571,6.682071428571429,6.732004761904761
1973-12-01,7.397320000000001,6.84654,6.732665,6.68427,6.648025,6.619865
1974-01-01,7.1648578947368415,6.674557894736842,6.628605263157895,6.618757894736842,6.613084210526316,6.608884210526315
1974-02-01,7.290395454545455,6.813845454545454,6.802822727272727,6.819613636363636,6.836600000000001,6.850459090909092
1974-03-01,6.766677777777778,6.620516666666666,6.739794444444445,6.811066666666666,6.8674,6.911544444444444
1974-04-01,7.576233333333333,7.190357142857143,7.14502380952381,7.127395238095238,7.114304761904761,7.104128571428571
1974-05-01,8.39352380952381,7.796423809523809,7.631814285714286,7.559566666666667,7.505276190476191,7.463028571428572
1974-06-01,8.550849999999999,8.06120909090909,7.850113636363637,7.730377272727273,7.623609090909091,7.527672727272727
1974-07-01,8.402435,7.922135,7.76412,7.68754,7.6263499999999995,7.5766599999999995
1974-08-01,8.482036363636364,8.248663636363636,8.072481818181819,7.914304545454545,7.692672727272727,7.347595454545455
1974-09-01,9.063840909090908,8.442286363636363,8.2613,8.17045,8.087518181818181,7.999086363636363
1974-10-01,8.625505,8.19468,8.09294,8.049285000000001,8.01654,7.991055
1974-11-01,7.870122727272727,7.844277272727272,7.788222727272728,7.709863636363636,7.556436363636364,7.23555
1974-12-01,7.4563555555555565,7.4820111111111105,7.4813277777777785,7.4583611111111106,7.3897611111111114,7.20763888888889
1975-01-01,7.1081095238095235,7.076576190476191,7.136804761904761,7.169628571428571,7.195057142857143,7.214923809523809
1975-02-01,6.698327272727273,7.073895454545454,7.174586363636364,7.217872727272728,7.250345454545454,7.275595454545454
1975-03-01,5.897722222222223,6.604961111111112,6.9299277777777775,7.081311111111111,7.196072222222223,7.285433333333334
1975-04-01,5.981425,6.7519800000000005,7.07286,7.218025,7.327325,7.412364999999999
1975-05-01,6.788372727272727,7.544436363636364,7.706518181818182,7.775963636363636,7.828072727272727,7.8685954545454555
1975-06-01,6.27484761904762,7.250871428571429,7.521109523809524,7.638800000000001,7.7271809523809525,7.795919047619048
1975-07-01,6.1927095238095236,7.043109523809524,7.339795238095237,7.468328571428572,7.559966666666666,7.628304761904762
1975-08-01,6.976399999999999,7.554772727272728,7.6620409090909085,7.672440909090909,7.661449999999999,7.6459909090909095
1975-09-01,7.471857142857142,7.96317619047619,7.980728571428572,7.9581,7.9326952380952385,7.911209523809524
1975-10-01,7.501457142857142,8.071195238095239,8.11497619047619,8.086847619047619,8.046866666666668,8.010261904761904
1975-11-01,6.8691818181818185,7.618868181818183,7.821045454545454,7.890440909090909,7.932468181818181,7.961654545454545
1975-12-01,6.436776470588235,7.334547058823529,7.637676470588235,7.772664705882353,7.873382352941176,7.951376470588235
1976-01-01,6.527340909090909,7.3322,7.581886363636364,7.693495454545455,7.777627272727273,7.843090909090909
1976-02-01,5.75544761904762,6.928409523809524,7.311557142857143,7.479590476190476,7.605785714285714,7.70394761904762
1976-03-01,5.86505,6.970561111111111,7.330972222222223,7.489233333333333,7.608066666666667,7.700488888888889
1976-04-01,6.139452173913043,7.0521391304347825,7.346252173913043,7.476765217391304,7.57465652173913,7.650713043478261
1976-05-01,5.8319190476190474,6.777923809523809,7.137985714285714,7.308838095238095,7.439519047619047,7.541495238095238
1976-06-01,6.352885,7.18836,7.452554999999999,7.57105,7.660349999999999,7.72983
1976-07-01,6.453286363636363,7.205727272727273,7.454318181818182,7.56680909090909,7.6516863636363635,7.7177
1976-08-01,6.200857142857142,7.044828571428571,7.369280952380952,7.524904761904762,7.644409523809524,7.737733333333334
1976-09-01,6.0083,6.848113636363636,7.229622727272727,7.428831818181819,7.587827272727273,7.713804545454545
1976-10-01,5.838480952380952,6.653952380952381,7.0632142857142854,7.290438095238095,7.4785714285714295,7.630528571428571
1976-11-01,5.54031,6.268784999999999,6.748139999999999,7.067690000000001,7.370665,7.64185
1976-12-01,5.348394736842105,6.098684210526316,6.584478947368422,6.9135947368421045,7.2370368421052635,7.5432578947368425
1977-01-01,4.949390909090909,5.687027272727272,6.178240909090909,6.513045454545455,6.840568181818182,7.146090909090909
1977-02-01,5.390871428571428,6.227133333333334,6.65735238095238,6.887776190476191,7.071190476190476,7.214928571428571
1977-03-01,5.5177,6.4197578947368426,6.849015789473685,7.076273684210526,7.257547368421053,7.400252631578948
1977-04-01,5.491843478260869,6.431939130434782,6.889439130434782,7.135321739130435,7.333852173913043,7.491760869565217
1977-05-01,5.368995,6.2963700000000005,6.775995,7.04851,7.278364999999999,7.46665
1977-06-01,5.753628571428571,6.489790476190476,6.906447619047619,7.157971428571428,7.379190476190476,7.565495238095239
1977-07-01,5.692172727272728,6.318536363636364,6.7200181818181814,6.986386363636364,7.239977272727272,7.468618181818181
1977-08-01,5.826099999999999,6.431515789473685,6.7989578947368425,7.032652631578947,7.247000000000001,7.433699999999999
1977-09-01,6.237717391304348,6.704834782608695,6.967291304347826,7.124786956521739,7.262573913043478,7.378039130434782
1977-10-01,6.401123809523809,6.740838095238096,6.958395238095237,7.102895238095238,7.240671428571429,7.365161904761904
1977-11-01,6.83104,7.081619999999999,7.221469999999999,7.308135,7.38775,7.45849
1977-12-01,6.818952631578948,7.101173684210527,7.260721052631578,7.35751052631579,7.443373684210527,7.516421052631579
1978-01-01,6.811252380952381,7.181547619047619,7.373366666666667,7.481514285714285,7.5716,7.6443
1978-02-01,7.14457,7.486230000000001,7.66074,7.75723,7.8367249999999995,7.900765
1978-03-01,7.169250000000001,7.543977777777777,7.7256222222222215,7.824622222222222,7.905805555555555,7.9710833333333335
1978-04-01,7.1374545454545455,7.564477272727273,7.737781818181818,7.823018181818182,7.889081818181818,7.940831818181818
1978-05-01,7.309310000000001,7.726875,7.857080000000001,7.915705,7.959975,7.994425
1978-06-01,7.634080952380952,7.953190476190476,8.023438095238095,8.053557142857143,8.076152380952381,8.093733333333333
1978-07-01,7.908177272727273,8.14374090909091,8.192927272727273,8.213972727272727,8.229759090909091,8.242018181818182
1978-08-01,8.21678,8.362995,8.38777,8.398340000000001,8.406270000000001,8.412435
1978-09-01,8.111126086956522,8.169139130434782,8.165504347826086,8.163730434782607,8.162421739130435,8.161382608695652
1978-10-01,8.415205,8.247365,8.20402,8.185375,8.171420000000001,8.16055
1978-11-01,8.847395238095238,8.491928571428572,8.406914285714285,8.370442857142857,8.343080952380953,8.3218
1978-12-01,9.69266,8.883705,8.63711,8.53064,8.450795,8.388675
1979-01-01,9.929035,9.160755,8.87351,8.74732,8.652595,8.578915
1979-02-01,10.11294090909091,9.309227272727272,8.987409090909091,8.845227272727273,8.738504545454544,8.655477272727273
1979-03-01,9.801511111111111,9.095844444444445,8.881250000000001,8.788555555555556,8.719027777777777,8.664938888888889
1979-04-01,9.813040909090908,9.168486363636363,8.946409090909091,8.849227272727273,8.776295454545455,8.719568181818182
1979-05-01,9.702615,9.203005000000001,9.0038,8.91315,8.84477,8.79156
1979-06-01,9.759609523809523,9.206342857142857,9.019390476190475,8.936933333333334,8.874990476190476,8.826804761904762
1979-07-01,9.188871428571428,8.761509523809524,8.663771428571428,8.621823809523809,8.590357142857144,8.565904761904763
1979-08-01,9.1577,8.7356,8.649119047619049,8.612052380952381,8.58425238095238,8.562638095238096
1979-09-01,9.536008695652175,8.938552173913044,8.801386956521739,8.742526086956522,8.698391304347826,8.664052173913044
1979-10-01,10.466589473684209,9.420731578947368,9.164352631578948,9.05437894736842,8.971894736842106,8.907747368421052
1979-11-01,11.79193181818182,10.588013636363636,10.18360909090909,9.991909090909092,9.84435,9.729136363636364
1979-12-01,11.832684210526315,10.803294736842105,10.424594736842105,10.270021052631579,10.178863157894737,10.129005263157895
1980-01-01,11.58164,10.29285,9.99494,9.956199999999999,9.992945,10.055724999999999
1980-02-01,11.660704545454546,10.568768181818182,10.312286363636362,10.324572727272727,10.439463636363637,10.566554545454546
1980-03-01,13.128368421052631,12.317726315789473,11.892794736842106,11.79681052631579,11.858747368421051,12.013568421052632
1980-04-01,15.13714761904762,13.345752380952382,12.383819047619047,11.992633333333334,11.92717619047619,12.249642857142858
1980-05-01,12.8871,11.320966666666667,10.941138095238095,10.905971428571428,11.01247619047619,11.198014285714285
1980-06-01,9.220828571428573,9.23677619047619,9.456199999999999,9.733252380952381,10.082938095238095,10.44154761904762
1980-07-01,8.14792857142857,8.790090476190477,9.05712380952381,9.258714285714285,9.582857142857144,10.187447619047619
1980-08-01,8.585227272727273,9.139581818181817,9.43605909090909,9.646204545454545,9.97884090909091,10.78214090909091
1980-09-01,9.969152380952382,10.411642857142857,10.486180952380952,10.573319047619048,10.79139523809524,11.236033333333333
1980-10-01,11.128142857142857,11.247661904761904,11.103004761904762,11.057814285714286,11.173661904761904,11.526538095238095
1980-11-01,11.915968181818181,11.532931818181819,11.357613636363636,11.327013636363636,11.413586363636364,11.639195454545455
1980-12-01,13.430764705882353,12.547717647058823,12.281488235294118,12.166611764705882,12.080988235294118,12.01445294117647
1981-01-01,14.204554545454545,12.866572727272727,12.461481818181818,12.267645454545454,12.11960909090909,12.004181818181818
1981-02-01,13.3566,12.24495238095238,12.06517619047619,11.982866666666666,11.916995238095238,11.864461904761905
1981-03-01,13.714333333333334,12.810666666666668,12.65248888888889,12.58618888888889,12.536583333333333,12.497977777777779
1981-04-01,13.080186363636363,12.7672,12.704595454545455,12.677786363636363,12.657663636363635,12.642027272727272
1981-05-01,13.570280952380953,13.334357142857144,13.215442857142856,13.121,13.03502380952381,12.964980952380952
1981-06-01,15.331729999999999,14.123895,13.63425,13.413490000000001,13.247495,13.118385
1981-07-01,14.169004545454545,13.384077272727273,12.985818181818182,12.79595,12.652436363636365,12.540790909090909
1981-08-01,14.963577272727271,14.18125,13.77385,13.533977272727272,13.333745454545454,13.173231818181819
1981-09-01,15.841995238095237,14.945509523809525,14.41682857142857,14.113957142857142,13.867009523809523,13.670642857142857
1981-10-01,15.814128571428572,15.255261904761905,14.81272380952381,14.580142857142857,14.405938095238096,14.276023809523808
1981-11-01,14.744795238095238,14.69519523809524,14.48815238095238,14.388623809523809,14.37107142857143,14.44454761904762
1981-12-01,12.200388888888888,12.58756111111111,12.6826,12.73563888888889,12.860327777777778,13.199805555555555
1982-01-01,12.500386363636364,13.052,13.08779090909091,13.102268181818182,13.153159090909092,13.246122727272727
1982-02-01,13.820939999999998,14.016649999999998,13.944980000000001,13.956954999999999,14.01096,14.073905
1982-03-01,14.217833333333333,13.986905555555555,13.81308888888889,13.751188888888889,13.785538888888889,13.953422222222223
1982-04-01,13.484821739130433,13.45971304347826,13.31544347826087,13.212995652173914,13.152817391304348,13.167491304347827
1982-05-01,13.619366666666668,13.529485714285713,13.323219047619048,13.172680952380952,13.041404761904763,12.94047619047619
1982-06-01,13.081354999999999,13.178645,13.060820000000001,12.976320000000001,12.905000000000001,12.848625000000002
1982-07-01,13.63079090909091,13.793577272727275,13.691277272727273,13.6154,13.549772727272728,13.496781818181818
1982-08-01,13.051342857142856,13.401871428571429,13.364371428571427,13.305657142857141,13.245280952380952,13.193295238095237
1982-09-01,11.435104545454546,12.260490909090908,12.401463636363637,12.459363636363635,12.502545454545453,12.536127272727272
1982-10-01,10.93632380952381,11.737138095238096,11.812766666666667,11.840395238095239,11.860880952380953,11.876790476190475
1982-11-01,9.502745,10.484015,10.714255,10.81416,10.889140000000001,10.947455
1982-12-01,9.185947368421052,10.075973684210526,10.352521052631579,10.469194736842105,10.550773684210526,10.610294736842105
1983-01-01,8.958390909090909,9.995631818181819,10.419318181818182,10.5496,10.567236363636363,10.712186363636365
1983-02-01,8.68717619047619,9.705971428571429,10.210004761904761,10.437885714285715,10.574014285714286,10.817457142857142
1983-03-01,8.968194736842106,9.969184210526317,10.437242105263158,10.636973684210526,10.764768421052631,11.075568421052632
1983-04-01,8.955082608695653,9.814152173913044,10.226430434782609,10.40861304347826,10.528882608695652,10.80823043478261
1983-05-01,8.93256,9.724155,10.12813,10.315065,10.421980000000001,10.590725
1983-06-01,8.78322380952381,9.62887142857143,10.078452380952381,10.297228571428573,10.424019047619048,10.565504761904762
1983-07-01,9.48385,10.243631818181818,10.597172727272728,10.737522727272728,10.80169090909091,10.977540909090909
1983-08-01,9.934155,10.773575,11.0947,11.231425,11.326155,11.437315
1983-09-01,10.287,11.106134782608695,11.423104347826087,11.576260869565218,11.695034782608696,11.789147826086957
1983-10-01,9.93152380952381,10.880952380952381,11.267471428571428,11.432357142857143,11.532642857142857,11.592142857142857
1983-11-01,9.624125,10.6804,11.122345,11.323699999999999,11.459875,11.551805
1983-12-01,9.679542105263158,10.770721052631579,11.234526315789475,11.430452631578946,11.547747368421051,11.617352631578948
1984-01-01,9.935742857142857,10.926733333333333,11.361633333333334,11.545095238095238,11.656680952380952,11.726857142857144
1984-02-01,9.789595238095238,10.771638095238094,11.21214761904762,11.400466666666667,11.507509523809524,11.562419047619048
1984-03-01,9.870121052631578,10.879852631578947,11.328936842105263,11.5167,11.631215789473684,11.702957894736842
1984-04-01,10.40155909090909,11.347840909090909,11.812740909090907,12.016772727272725,12.110427272727271,12.105895454545454
1984-05-01,10.72923,11.68442,12.125885,12.31302,12.386109999999999,12.34492
1984-06-01,11.370804545454545,12.42329090909091,12.833654545454545,12.999777272727272,13.086359090909092,13.11489090909091
1984-07-01,11.814833333333334,12.790733333333332,13.04547619047619,13.148014285714286,13.221409523809525,13.277642857142858
1984-08-01,11.831595238095238,12.657542857142857,12.860371428571428,12.956261904761906,13.031623809523811,13.091061904761906
1984-09-01,11.559804347826086,12.1758,12.301917391304347,12.345317391304347,12.374421739130435,12.396191304347825
1984-10-01,11.404431578947369,12.043505263157893,12.17111052631579,12.167273684210526,12.121552631578947,12.0635
1984-11-01,10.798618181818183,11.579172727272727,11.772736363636364,11.809222727272727,11.802572727272729,11.781045454545454
1984-12-01,9.777936842105262,10.790357894736841,11.138721052631578,11.282215789473684,11.393373684210525,11.522836842105264
1985-01-01,9.311815,10.53155,11.03003,11.248935,11.398515,11.524685000000002
1985-02-01,9.002838095238095,10.369214285714285,10.90914761904762,11.149819047619047,11.332842857142857,11.526128571428572
1985-03-01,9.284583333333334,10.500350000000001,11.058994444444444,11.286605555555555,11.393516666666667,11.561166666666667
1985-04-01,9.827704761904762,10.951142857142857,11.420271428571429,11.615028571428573,11.735614285714286,11.87362380952381
1985-05-01,9.158942857142858,10.409219047619048,10.941442857142857,11.2014,11.40882380952381,11.598104761904763
1985-06-01,8.50838181818182,9.750250000000001,10.313636363636364,10.623295454545454,10.91225909090909,11.219127272727272
1985-07-01,7.841880000000001,9.102554999999999,9.73031,10.029315,10.23991,10.597579999999999
1985-08-01,7.91205,9.2057,9.864272727272727,10.183036363636363,10.402527272727273,10.746036363636364
1985-09-01,8.042986363636365,9.341659090909092,9.93841818181818,10.21875,10.453240909090908,10.887536363636364
1985-10-01,8.059773684210526,9.35057894736842,9.937057894736842,10.230236842105262,10.5124,11.000068421052632
1985-11-01,8.043431818181817,9.224509090909091,9.804922727272727,10.105536363636363,10.382545454545454,10.865672727272727
1985-12-01,7.87407894736842,8.834852631578947,9.354252631578946,9.65617894736842,9.945257894736843,10.345563157894736
1986-01-01,7.683371428571428,8.388919047619048,8.83674761904762,9.145333333333333,9.469557142857143,9.826028571428571
1986-02-01,7.73692380952381,8.37637619047619,8.77827142857143,9.059109523809523,9.365566666666666,9.724390476190475
1986-03-01,7.611647368421052,8.092963157894737,8.404157894736842,8.638742105263157,8.915115789473685,9.247726315789473
1986-04-01,7.05676,7.38949,7.600785,7.766299999999999,7.974785,8.245185
1986-05-01,6.525063636363637,6.971859090909091,7.2050681818181825,7.343536363636363,7.479622727272727,7.639304545454545
1986-06-01,6.707761904761905,7.432447619047619,7.7148761904761916,7.840766666666667,7.9462,8.077561904761906
1986-07-01,6.828661904761906,7.5641952380952375,7.859161904761904,8.004771428571429,8.143657142857142,8.3186
1986-08-01,6.355031818181818,7.018809090909091,7.346313636363636,7.541818181818181,7.741413636363637,7.973918181818181
1986-09-01,5.978247619047619,6.638542857142857,7.030895238095238,7.298147619047619,7.5799714285714295,7.880709523809524
1986-10-01,5.849290476190476,6.736114285714287,7.226409523809524,7.554671428571429,7.905733333333333,8.287790476190477
1986-11-01,5.8082863636363635,6.600604545454545,7.114077272727273,7.479604545454546,7.864727272727273,8.256540909090909
1986-12-01,5.827661111111111,6.497933333333333,6.953005555555555,7.289366666666666,7.648344444444444,8.007227777777778
1987-01-01,5.937445454545454,6.42210909090909,6.785172727272727,7.094227272727273,7.459518181818182,7.847131818181818
1987-02-01,5.90662,6.39854,6.75667,7.0504750000000005,7.39143,7.75223
1987-03-01,6.103563157894737,6.533052631578947,6.869421052631579,7.152915789473684,7.483631578947368,7.832236842105263
1987-04-01,6.121436363636364,6.5446681818181816,6.856686363636364,7.120654545454546,7.430540909090909,7.756386363636364
1987-05-01,6.603652380952381,7.246338095238095,7.607814285714285,7.876885714285715,8.156680952380952,8.420785714285714
1987-06-01,7.164655000000001,7.927079999999999,8.25501,8.47598,8.682705,8.859085
1987-07-01,6.992518181818181,7.708631818181818,8.039968181818182,8.273604545454544,8.502472727272727,8.703245454545455
1987-08-01,6.777509090909091,7.596531818181817,8.020018181818182,8.298159090909092,8.566890909090908,8.807481818181818
1987-09-01,6.9996809523809524,7.875557142857143,8.295666666666667,8.5613,8.823285714285714,9.06962380952381
1987-10-01,7.676619047619048,8.504795238095237,8.903314285714286,9.180566666666667,9.450333333333333,9.685966666666667
1987-11-01,7.760138095238095,8.675257142857143,9.087128571428572,9.319033333333334,9.51547619047619,9.674828571428572
1987-12-01,7.0772894736842105,7.9832368421052635,8.436363157894737,8.697005263157894,8.911536842105264,9.0822
1988-01-01,7.275308083532409,8.051740225309864,8.504287106384364,8.814579426211955,9.091013135436546,9.23599930603059
1988-02-01,7.094926358397789,7.765738252851474,8.16441260546521,8.490096859346211,8.83508444524558,9.048214834330631
1988-03-01,6.6975030559060995,7.30109808292015,7.679265624674651,8.02743226399865,8.445427874811099,8.74808814185015
1988-04-01,6.759164128878174,7.418009435999434,7.824058738109218,8.184410856535957,8.605026887890565,8.909182126622216
1988-05-01,7.01809688012415,7.74443045556405,8.156652567353849,8.5138968991608,8.9264654206841,9.21608568278735
1988-06-01,7.394765896818143,8.115319358695857,8.500180692698667,8.843135415685904,9.231777268076618,9.496466838892095
1988-07-01,7.537377919777409,8.091828598383728,8.415480772681546,8.693052442825364,8.984067014500319,9.180953385243319
1988-08-01,7.7734920371798495,8.288969599598449,8.555343885239449,8.824060831044,9.1646778836995,9.433274636609001
1988-09-01,8.164985240291957,8.589854765915044,8.797673180372131,9.020604452855608,9.30153834567813,9.511149193965869
1988-10-01,8.108950874352237,8.404391433424715,8.582290609332,8.770307781538142,8.994643689010095,9.16131620587262
1988-11-01,8.0593767980716,8.2522171297043,8.406165216201149,8.595192210995,8.8295054370842,9.002996509375851
1988-12-01,8.3921194904639,8.5289796238131,8.63772205907485,8.7675818947569,8.924177445052049,9.0341281227745
1989-01-01,8.887984858383428,8.886930430243856,8.922058397834428,8.965628078070571,8.991176773256715,8.946767991012143
1989-02-01,8.9630521743153,8.9665754721018,8.97344650014105,8.981879929018799,8.95515148992895,8.8430109137719
1989-03-01,9.164341965254053,9.120015446279368,9.079781984538842,9.059899288110842,9.014213648485368,8.902365294611528
1989-04-01,9.560399247289954,9.42811757340491,9.32247374890941,9.243907204089044,9.142148285974,9.009611137895273
1989-05-01,9.3481229622923,9.2123602967437,9.13486155156165,9.07814480947275,8.99808318273565,8.885340359457299
1989-06-01,8.94849863553509,8.799524019274273,8.7704158223935,8.767351284674545,8.75729993217191,8.71556587346191
1989-07-01,8.43439320080541,8.211704135975591,8.209853714667773,8.226258081669773,8.2340946515365,8.20479513785918
1989-08-01,7.8823246907563504,7.690421157056051,7.782011891125199,7.88755304046025,8.0010925140873,8.0734683291221
1989-09-01,8.140113809312,7.966941809964087,7.979793949413305,8.015628218368045,8.057124359306913,8.079731424461523
1989-10-01,8.19585660101625,8.07555989179345,8.09682918843955,8.123028238127201,8.1424948457971,8.132471910454651
1989-11-01,7.98448403071781,7.864903744380667,7.9217929774058575,7.971014595837476,8.008098374623048,8.00108404565819
1989-12-01,7.751170311191809,7.684465998030286,7.752731756549619,7.808097290448477,7.856167666950666,7.874989248160571
1990-01-01,7.743350901283099,7.6655910142503005,7.7292139830324,7.77355235878255,7.801899157895351,7.8183733467501
1990-02-01,7.927985952327144,8.003906197642285,8.078767362088904,8.12480374214862,8.164665121749906,8.192872122683761
1990-03-01,8.091127776511211,8.282502208148422,8.356072614822262,8.389332657856052,8.414400607382841,8.43390474789279
1990-04-01,8.285514701571863,8.491958156604364,8.522486996673864,8.518555923275592,8.507419758193135,8.495689337168727
1990-05-01,8.3357184130603,8.62541391293025,8.6708260119391,8.68149187467335,8.686672081964051,8.69003112985525
1990-06-01,8.2698457416795,8.54169990951809,8.622663009112273,8.657762990826681,8.678405782569909,8.679491832447273
1990-07-01,8.026372159417239,8.264170575432285,8.351145196430428,8.39799291030481,8.433339322592904,8.440448517051095
1990-08-01,7.895724507460239,8.126403021056571,8.262330216719333,8.356200581064618,8.448348984775,8.510498766422144
1990-09-01,7.762731881107609,8.115018418241696,8.366730559266912,8.554637601437783,8.753469252924347,8.920020212124609
1990-10-01,7.78574791434921,8.165714297474054,8.466339067916053,8.698171312981367,8.940662283268422,9.126873219149
1990-11-01,7.603112330631,7.972060821264045,8.268184167382545,8.501043577782363,8.74944414410259,8.949517438960363
1990-12-01,7.335284915064401,7.67614202852145,7.9535962455853495,8.17502483957655,8.41638095240425,8.62263462734165
1991-01-01,7.1013533299344,7.4298200542492,7.69542779716235,7.9059693262904505,8.1334068859928,8.32411488427985
1991-02-01,6.776797879728285,7.315663535019476,7.683513786430095,7.948643414746762,8.210087148801524,8.395230906090713
1991-03-01,6.421528987416052,7.052283387020316,7.45161483531879,7.725743192514316,7.994452016942631,8.197532074688159
1991-04-01,6.530844760310499,7.33912733728925,7.7624963195798005,8.007259283001051,8.22673559819365,8.41496307166795
1991-05-01,6.353948007716409,7.225161229122409,7.668187293446272,7.9348264028409545,8.181683160605909,8.366371855090954
1991-06-01,6.1980227731712265,7.149232004430136,7.659209825719454,7.977965916474045,8.261048660200954,8.435539881727864
1991-07-01,6.42105172223085,7.3957368543179,7.883302966204501,8.180031415100549,8.4403903188483,8.6049618749058
1991-08-01,6.324688157440727,7.336285192030454,7.865456942583455,8.160480559220682,8.391565810542273,8.53535115034
1991-09-01,5.869155802819545,6.795646858589,7.398333298736,7.786382696089,8.114721904168228,8.300155319444727
1991-10-01,5.66152650790185,6.553551753337899,7.1487326513081495,7.540406666635199,7.881275584462,8.09180544600875
1991-11-01,5.407573172848476,6.284938324419905,6.9048401392446195,7.341151245559096,7.759360586496047,8.075533060211573
1991-12-01,5.03581623258079,6.006763412336579,6.723392217243157,7.243773534683579,7.752613873352263,8.131009078073104
1992-01-01,4.5164793279749045,5.530108670851429,6.310835641676571,6.9004757430900945,7.502236891657096,7.974498893675047
1992-02-01,4.323627021909523,5.547546499279619,6.3974807108350955,6.971688139522857,7.475896183254429,7.774495343469477
1992-03-01,4.4518477061577375,5.846590154831211,6.727741409173947,7.269398186701947,7.697002876544526,7.933926069097896
1992-04-01,4.833624945892637,6.2908341311794995,7.063681652976772,7.472189656926318,7.761651210074818,7.954640908956045
1992-05-01,4.468063912662286,6.001364693415667,6.893743087042715,7.398463205745476,7.762247187200857,7.962131780799619
1992-06-01,4.31574906610095,5.84444349954785,6.756718922681751,7.28813873139605,7.68773042067175,7.919820108007601
1992-07-01,4.2807204128582725,5.648053152741136,6.536145401505045,7.106472395731137,7.5964010170815905,7.935961167181273
1992-08-01,3.714122289116409,4.9728505176395,5.9238069528520905,6.62895354450959,7.334536790460773,7.880273383174182
1992-09-01,3.581680985177095,4.793932497101857,5.716992983706858,6.407259469983238,7.10641676284881,7.6641959319334285
1992-10-01,3.3115772530760004,4.516049904551666,5.472046867024619,6.217647488358239,7.01274378762981,7.6954618440199996
1992-11-01,3.460908208869095,4.748258493223857,5.713634030224095,6.419838586923952,7.132217434278904,7.74204633285719
1992-12-01,3.8379415578855265,5.271904131449,6.196611836158053,6.767707004550632,7.263862807274262,7.672004639121474
1993-01-01,3.8982544302508946,5.325241122518895,6.196526330233737,6.711547376974158,7.145942994801684,7.497506709884052
1993-02-01,3.653276591947667,5.016948396369445,5.940256695978611,6.5139903683341664,7.011275936315666,7.419104636919944
1993-03-01,3.489322835210263,4.64308195878,5.514422827834947,6.115519747968421,6.682424617855211,7.17586291391421
1993-04-01,3.4209168736681734,4.450724838280826,5.2906868990944345,5.883684345125043,6.447566422599522,6.939396658538391
1993-05-01,3.3178148400074736,4.353384063468842,5.21709262099521,5.835878920771369,6.430863897796894,6.954052499118369
1993-06-01,3.4112327826927,4.4362476366947,5.2461585854636,5.83820795040525,6.43153793219655,6.9804571353366
1993-07-01,3.625050038269318,4.571258101253318,5.236211678811773,5.725988477996318,6.249288251033727,6.787724066710819
1993-08-01,3.566086580426714,4.470427357971238,5.109034549951286,5.574269668776524,6.0654840746994765,6.570861335506333
1993-09-01,3.511126438180619,4.403627663786334,5.05834033581281,5.5200304001406195,5.973754766342047,6.389557429533237
1993-10-01,3.416898038612762,4.184016924967667,4.754980384745,5.186729434350714,5.65452948848719,6.140419778366144
1993-11-01,3.444231260817526,4.180543756332474,4.728257072978842,5.145936551069948,5.605355530426474,6.093507779763894
1993-12-01,3.62999781763335,4.5118794693833,5.109054360427,5.5355537136281,5.9791235139335,6.4234066217920995
1994-01-01,3.6590451606312273,4.563634469336637,5.157864269133227,5.575382294330955,6.003766098363318,6.425017311303319
1994-02-01,3.585670689288,4.498233830184894,5.099571255517842,5.526127886936421,5.970615350167684,6.417490520533579
1994-03-01,3.912882273120421,4.830037786958894,5.401978254601895,5.796928065275,6.2005840575014215,6.599070617537211
1994-04-01,4.3992651511203915,5.399955457239043,5.9641762265805225,6.339299587051174,6.700349481648522,7.023088331668174
1994-05-01,4.840302146959632,5.980780997202895,6.509674883767211,6.836150608898527,7.151301354777843,7.431499833199895
1994-06-01,5.28672470939281,6.299838400927047,6.739861515405667,7.016911136186619,7.298054877080476,7.557182511107619
1994-07-01,5.235129312408864,6.234978715716818,6.645556567309046,6.907432486489136,7.213673960706317,7.552139091396182
1994-08-01,5.449850932741421,6.4121642444743685,6.846904685535052,7.128825112276053,7.411402841176843,7.668177180767736
1994-09-01,5.520393826344696,6.428774013769347,6.817138953072304,7.068862413675826,7.3292686375344775,7.588381973054261
1994-10-01,5.700228634794572,6.625179242359715,7.020691932708429,7.27647893377719,7.556868228180382,7.854452079031476
1994-11-01,6.0509137835864735,6.972301884716263,7.329767696695526,7.547696024619684,7.792343884398105,8.062193261371895
1994-12-01,6.46910717398695,7.33860617411,7.6262506998207,7.786777598833849,7.9447211457346,8.1061636633007
1995-01-01,7.143704761904762,7.600309523809524,7.6827000000000005,7.722890476190476,7.764814285714286,7.821947619047618
1995-02-01,7.012950000000001,7.553225,7.667700000000001,7.71928,7.76524,7.813015
1995-03-01,6.624866666666667,7.1581,7.2761611111111115,7.354838888888889,7.4659,7.604511111111112
1995-04-01,6.392188715162408,6.81338541151759,6.965039648065727,7.0854787026406365,7.255201143026773,7.470476277151682
1995-05-01,6.221605570414316,6.605606364767631,6.775003971627421,6.9102453153445795,7.118845900233578,7.4199111936606315
1995-06-01,5.948703847560955,6.1863353742001825,6.34201858076791,6.480273291690772,6.682366348088045,6.971208815527773
1995-07-01,5.628949069304546,5.732166288517363,5.887973848179183,6.046259268526091,6.267509518951273,6.564649702463364
1995-08-01,5.63488354579765,5.8239811085731,5.98790935007645,6.146759921321999,6.3773696314802,6.7003325231809
1995-09-01,5.741557918771912,6.035159033227391,6.21687223005913,6.368068460382173,6.580788169299043,6.881698626592001
1995-10-01,5.6242816333585,5.8253059125158,5.9686765394626,6.1036366891218,6.3069662910752005,6.6039656503022
1995-11-01,5.58215181460919,5.708995603359524,5.818036966742905,5.931624269235905,6.110824648873905,6.3821195019346195
1995-12-01,5.418760932107428,5.514047607934762,5.666571201346286,5.811466756888905,6.002353975419714,6.251155434191334
1996-01-01,5.28824741463805,5.344595532292,5.481114612363,5.61759521601085,5.80176829170515,6.0470312014047
1996-02-01,5.064963046073238,5.162365328767715,5.351857221712,5.531777235638334,5.763045160711381,6.047167509444905
1996-03-01,4.9202694724894,5.1107526698336,5.3813712414212,5.630962048127801,5.9420928049894,6.29856699472805
1996-04-01,5.370957358112428,5.7519970644727625,5.962323808238857,6.1463502168933815,6.405530196964428,6.732063480720287
1996-05-01,5.565533558693227,6.068168282018999,6.264676038606182,6.420248080122682,6.649574340600137,6.950656235330772
1996-06-01,5.652608652714318,6.2229048656942725,6.439446605501318,6.598447776655546,6.81779336546509,7.086054419206092
1996-07-01,5.8240108073630505,6.4339603649163,6.627293813850601,6.761704041366199,6.9481573258233995,7.1756541705908505
1996-08-01,5.860400134927954,6.387689914077182,6.5615917389840455,6.688574059922636,6.8693574638751365,7.095932178116954
1996-09-01,5.640572312338286,6.135635798819048,6.317810107329238,6.448421442281286,6.6417822021359045,6.9111330059349525
1996-10-01,5.830352925739549,6.33295984928695,6.53584995453495,6.6860152375491495,6.8712725297587,7.08839760735295
1996-11-01,5.580704786526409,6.013253708963273,6.225837802416819,6.380335715771091,6.5775963213493185,6.835500789083864
1996-12-01,5.450305973405631,5.758893950193211,5.929252959587579,6.063226082730526,6.252404791901526,6.525712929439842
1997-01-01,5.5022483715407615,5.848551229537715,6.013078749764857,6.1421407524007146,6.329903445591905,6.595371776764334
1997-02-01,5.647813830367523,6.096993752094048,6.280684067360475,6.405852174029238,6.586927149838904,6.855323095436667
1997-03-01,5.550644069823666,5.968670870552778,6.1455720936225555,6.2685261194315,6.448303457472445,6.720701537225111
1997-04-01,5.82346148955005,6.3050424237533,6.475763222164351,6.58192540975935,6.74118564261275,6.98903342761665
1997-05-01,6.011935047848909,6.536769633518046,6.682609480033228,6.773730118234545,6.922367591294273,7.141937660634136
1997-06-01,5.874957696735619,6.345727031930094,6.48759404634981,6.584515383448619,6.738090752940381,6.956586636580666
1997-07-01,5.735479638688476,6.162757961611429,6.295898945319571,6.389247143874142,6.547000765414333,6.789623377223809
1997-08-01,5.624630966568772,5.9278812006789545,6.047081227914318,6.134265289150363,6.275628018890409,6.500995850027636
1997-09-01,5.681632121130905,5.985789489386143,6.12195785684519,6.225622021533476,6.379295096534,6.598331281704571
1997-10-01,5.634052694041952,5.922759593626476,6.043012118378,6.15001542404881,6.3066230758628565,6.502604492640857
1997-11-01,5.583343090849954,5.795253775280181,5.8914903944827275,5.988275068182773,6.134130803336363,6.321595617061136
1997-12-01,5.596918690450889,5.720803234210778,5.7738145195695,5.830431136215722,5.942269251222611,6.130679285911889
1998-01-01,5.628091454992318,5.690857338087818,5.718573475320182,5.757443229037272,5.842997485705545,5.9950504899735
1998-02-01,5.33576198699855,5.33265410155715,5.39391685336995,5.48240676088375,5.62561838698245,5.8211296590291
1998-03-01,5.389276582517316,5.394798986443473,5.454587798083,5.543675765187684,5.6930572880045265,5.900873407651421
1998-04-01,5.476379700177,5.538719004950409,5.5819119179044545,5.6409913136078185,5.757482798293363,5.947992339725954
1998-05-01,5.467409222781096,5.5428107882687625,5.569564210078572,5.627347312113286,5.748121330457476,5.930329049068429
1998-06-01,5.4976600068302,5.57013443176855,5.59757280739245,5.6547726939268,5.77068911066295,5.93978132928515
1998-07-01,5.475951753512863,5.476335652984727,5.494229633747954,5.53602565983659,5.6062223181529545,5.705709316517909
1998-08-01,5.397423834631818,5.439467212524091,5.440038861137818,5.4688672434365,5.5558104039655,5.709034077161954
1998-09-01,5.256088930954857,5.265897752125285,5.275443851972381,5.316017960334571,5.417661016337619,5.592381660637286
1998-10-01,4.851966417742905,4.675955775730285,4.686492402634428,4.7882881866242855,4.998658285223381,5.311628020155286
1998-11-01,4.328093701526429,4.234815351742143,4.333274133266619,4.522327082804952,4.847844125992381,5.2808351033215715
1998-12-01,4.655839281399105,4.626357914767316,4.704222113515105,4.838612377545106,5.074754608705789,5.415995234026894
1999-01-01,4.6175158383624995,4.531724479531636,4.579634565765819,4.700911188789181,4.934795385616727,5.287618476239682
1999-02-01,4.644622202448211,4.639174226646841,4.68360914051479,4.815403878730526,5.074780739097632,5.424714338999211
1999-03-01,4.805626552514948,4.916927970409473,4.985000021238105,5.107174026325105,5.337962497805052,5.642684145368474
1999-04-01,4.903232248844435,5.1150399198539125,5.217487349466565,5.348171228782739,5.576027532282174,5.865289469120869
1999-05-01,4.808044641135429,5.010617328761191,5.102361302485095,5.242139171800905,5.496256797987714,5.820458369596524
1999-06-01,4.9943794954629475,5.3265713682922105,5.4666797393189475,5.5999607320647895,5.813206347552052,6.0773992358261575
1999-07-01,5.282749061959136,5.719427845349773,5.863865502931864,5.979079756162909,6.156320486272091,6.358129731209818
1999-08-01,5.247086575579579,5.6033148746725265,5.736554869630157,5.873490592175684,6.082001776011421,6.293662992947368
1999-09-01,5.399227443461455,5.756457276200227,5.914192012311818,6.0648624624815906,6.263761400737682,6.4340072538120445
1999-10-01,5.431649720563952,5.707703747598238,5.857971866844428,6.041151093749286,6.297147366723239,6.51915570936
1999-11-01,5.585341930631801,5.9121977836734,6.06941468592635,6.2529065000334,6.494520806569101,6.6823560371379
1999-12-01,5.64762699003175,5.865569331129899,5.96146637385715,6.10044424322345,6.310267314389749,6.493399471011349
2000-01-01,5.896600740388092,6.074373291080909,6.167104026864454,6.322374295832319,6.538049368174182,6.698292037399364
2000-02-01,6.1462980913015,6.4213814339447,6.5248230086618,6.63993140385985,6.7677359843832505,6.8258690203553005
2000-03-01,6.2978244739325,6.573168956672999,6.605611415617901,6.61933137150245,6.59682325721905,6.4749248873806
2000-04-01,6.3185985766966954,6.447972995211869,6.420187097630913,6.411389759931,6.395448655179696,6.311988241693174
2000-05-01,6.277444796297527,6.2485693317419475,6.180497662481052,6.166338931029948,6.157953294067,6.104484491360158
2000-06-01,6.692184592707955,6.664425891839682,6.603661558351181,6.583347196764046,6.547722433347772,6.445913305278591
2000-07-01,6.477692173373954,6.344366225823273,6.252764802098091,6.231297333785818,6.220471900682137,6.180429782730091
2000-08-01,6.3683116878869,6.21740275133555,6.143101951515851,6.13256431177065,6.13522002577825,6.1079207095518
2000-09-01,6.331840744522696,6.077390231209044,5.983172191945392,5.961907477900217,5.955920619611956,5.929437935289173
2000-10-01,6.20095631930225,5.902694375516001,5.86012193114015,5.90615400777095,5.98593786789835,6.03787760610705
2000-11-01,6.171499139262905,5.742695259286667,5.709725985606572,5.7782463372693815,5.888724697089619,5.984519458075762
2000-12-01,6.137963858062952,5.711910934980715,5.674165123596143,5.729665592226905,5.826641214112667,5.917099048220524
2001-01-01,5.6650451168088996,5.2155086331676,5.17774939911335,5.25862828769735,5.41290054177035,5.59219547750105
2001-02-01,4.9614358910667145,4.811404605660952,4.966580376462429,5.148840877806618,5.379625329717333,5.620345241741476
2001-03-01,4.75646578663964,4.745592448529444,4.93456377256029,5.122334288492266,5.350810812790627,5.5890348117109525
2001-04-01,4.3833903725615,4.454416528159091,4.694836527634045,4.922452733558227,5.195505353630909,5.479955967990727
2001-05-01,4.0898758489533495,4.4298159092877,4.78723168489995,5.09162308458565,5.4408014363579,5.788284995466499
2001-06-01,3.9400831787124546,4.577572137631273,5.000381049602637,5.314450344727409,5.646620795163046,5.947426226216091
2001-07-01,3.7524567254238574,4.45496940583919,4.902354403509,5.224910914723334,5.559621993014524,5.85550194861719
2001-08-01,3.6782276424612386,4.388444638297143,4.8401633324901905,5.1631625794772855,5.496734588274857,5.790302239671048
2001-09-01,3.4371161188335217,4.112622109705261,4.5945951412382176,4.941617128544131,5.302608616547956,5.626130171471695
2001-10-01,2.7938411764705884,3.5594529411764704,4.187294117647059,4.6562882352941175,5.1545588235294115,5.615758823529411
2001-11-01,2.2953045454545453,3.2454454545454543,3.950572727272727,4.452995454545455,4.973677272727273,5.4470409090909095
2001-12-01,2.173005,3.34556,4.07775,4.570545,5.053865,5.449185
2002-01-01,2.17788,3.7601500000000003,4.559145,5.057835,5.526835,5.894245
2002-02-01,2.102952380952381,3.682380952380952,4.487333333333333,4.982295238095237,5.445509523809524,5.812395238095238
2002-03-01,2.1788263157894736,3.615426315789474,4.391673684210526,4.8852789473684215,5.356021052631578,5.7337105263157895
2002-04-01,2.59315,4.10331,4.8282,5.281000000000001,5.706505,6.03771
2002-05-01,2.4557363636363636,3.992409090909091,4.720622727272727,5.170277272727272,5.595672727272727,5.941299999999999
2002-06-01,2.3392227272727273,3.8253863636363636,4.566745454545455,5.047586363636364,5.517059090909091,5.908786363636364
2002-07-01,2.1567,3.5232149999999995,4.264285,4.768535,5.28404,5.75034
2002-08-01,1.8437045454545455,3.085136363636364,3.8901681818181815,4.453568181818182,5.044145454545454,5.604286363636363
2002-09-01,1.6738863636363635,2.5913454545454546,3.3957772727272726,4.015577272727272,4.686963636363636,5.319836363636363
2002-10-01,1.69035,2.334295,3.034065,3.625395,4.299335,4.966725
2002-11-01,1.6217136363636364,2.2975954545454544,3.0423772727272724,3.6767,4.403486363636364,5.129163636363637
2002-12-01,1.4717105263157895,2.383278947368421,3.1567052631578947,3.7787894736842103,4.475078947368421,5.161342105263158
2003-01-01,1.3838666666666666,2.3121,3.1215380952380953,3.7595428571428573,4.4626761904761905,5.141680952380953
2003-02-01,1.3092761904761905,2.250557142857143,3.0975904761904767,3.7490904761904766,4.457514285714286,5.141628571428571
2003-03-01,1.2461315789473684,2.1135315789473683,2.9475368421052632,3.5892894736842105,4.2870526315789474,4.970636842105263
2003-04-01,1.216861904761905,2.0383714285714283,2.8384238095238095,3.473952380952381,4.184290476190476,4.90352380952381
2003-05-01,1.2297333333333333,2.1340285714285714,2.9750238095238095,3.6164809523809525,4.314042857142857,5.0067619047619045
2003-06-01,1.1431285714285715,1.7897047619047617,2.5491142857142854,3.1765047619047615,3.877614285714286,4.585109523809524
2003-07-01,0.997004761904762,1.5672047619047618,2.288904761904762,2.9155809523809526,3.63467619047619,4.378909523809524
2003-08-01,1.0931863636363637,1.9915454545454545,2.8763681818181817,3.5622045454545455,4.2960863636363635,5.004704545454545
2003-09-01,1.2767095238095238,2.4660190476190476,3.3957714285714284,4.086890476190477,4.822285714285714,5.51272380952381
2003-10-01,1.176847619047619,2.2659333333333334,3.196890476190476,3.8864857142857145,4.618242857142857,5.313899999999999
2003-11-01,1.2164954545454545,2.3021545454545453,3.2056954545454546,3.8854863636363635,4.616040909090909,5.317186363636363
2003-12-01,1.3213166666666667,2.460338888888889,3.300488888888889,3.9280999999999997,4.607166666666667,5.265522222222222
2004-01-01,1.2943318181818182,2.441559090909091,3.2831636363636365,3.9005136363636366,4.562440909090909,5.204272727272727
2004-02-01,1.20561,2.28215,3.12774,3.7546349999999995,4.43038,5.0920499999999995
2004-03-01,1.2005631578947369,2.2533052631578947,3.082752631578947,3.6990000000000003,4.36451052631579,5.017873684210526
2004-04-01,1.1432391304347826,2.0247347826086957,2.8064260869565216,3.4184521739130433,4.099969565217392,4.787347826086957
2004-05-01,1.4466428571428571,2.6130857142857145,3.4095095238095237,4.001038095238095,4.641642857142857,5.265090476190476
2004-06-01,1.7870899999999998,3.109025,3.8866050000000003,4.435695,5.01377,5.561835
2004-07-01,2.0776190476190477,3.257542857142857,3.9556761904761903,4.463404761904762,5.007795238095238,5.532438095238096
2004-08-01,2.0478380952380952,3.066047619047619,3.7163952380952385,4.21062380952381,4.756819047619048,5.304190476190477
2004-09-01,2.005154545454545,2.8796590909090907,3.5023545454545455,3.9915136363636363,4.545159090909091,5.118131818181818
2004-10-01,2.1187285714285715,2.819657142857143,3.3638285714285714,3.818938095238095,4.364938095238095,4.9520285714285714
2004-11-01,2.21982,2.852185,3.3612899999999994,3.7991349999999997,4.332665,4.9070100000000005
2004-12-01,2.5188949999999997,3.091755,3.5239249999999998,3.912555,4.40411,4.9412199999999995
2005-01-01,2.700277272727273,3.215790909090909,3.590109090909091,3.9467636363636363,4.415177272727273,4.929386363636364
2005-02-01,2.9068750000000003,3.39593,3.6948999999999996,3.9798099999999996,4.36697,4.799065000000001
2005-03-01,3.0787789473684213,3.522405263157895,3.744178947368421,3.964078947368421,4.2784,4.631931578947368
2005-04-01,3.3624727272727273,3.9050181818181815,4.132954545454545,4.331845454545455,4.611222727272727,4.918113636363636
2005-05-01,3.370285714285714,3.782871428571428,3.9665619047619045,4.158428571428571,4.445790476190476,4.770309523809524
2005-06-01,3.398638095238095,3.700195238095238,3.8119619047619047,3.969680952380952,4.237038095238096,4.558571428571429
2005-07-01,3.458109090909091,3.6619681818181817,3.7270681818181814,3.8494863636363634,4.0758,4.35375
2005-08-01,3.7127600000000003,3.9005699999999996,3.9455799999999996,4.046055,4.241525,4.478345
2005-09-01,3.896817391304348,4.053904347826087,4.077934782608696,4.155769565217391,4.323382608695652,4.5328478260869565
2005-10-01,3.8647666666666667,3.9338619047619052,3.975190476190476,4.079666666666666,4.275738095238095,4.51577619047619
2005-11-01,4.1943649999999995,4.274525,4.2948949999999995,4.374215,4.5407150000000005,4.745105000000001
2005-12-01,4.379379999999999,4.383825,4.413985,4.49385,4.63858,4.812265
2006-01-01,4.368852380952381,4.360190476190476,4.343414285714286,4.400614285714285,4.548228571428571,4.73767619047619
2006-02-01,4.4397649999999995,4.3230200000000005,4.303955,4.352685,4.474465,4.63858
2006-03-01,4.672063157894737,4.591673684210527,4.542005263157895,4.548178947368421,4.614642105263158,4.718294736842105
2006-04-01,4.7586,4.682704347826087,4.659365217391304,4.6907,4.782986956521739,4.903543478260869
2006-05-01,4.894484210526316,4.8342,4.835752631578948,4.899821052631578,5.040736842105264,5.216094736842106
2006-06-01,4.965068181818181,4.909845454545454,4.921845454545455,4.998977272727273,5.156563636363637,5.3431227272727275
2006-07-01,5.143440909090909,5.020018181818181,4.973359090909091,5.01405,5.138918181818182,5.2886999999999995
2006-08-01,5.195385,5.004075,4.954145,4.992405,5.10426,5.23782
2006-09-01,5.033399999999999,4.7713086956521735,4.727226086956522,4.778747826086956,4.905504347826087,5.060604347826087
2006-10-01,4.921785,4.62003,4.58041,4.638225,4.763285,4.905735
2006-11-01,4.9376428571428574,4.649642857142857,4.599957142857143,4.645819047619048,4.761733333333333,4.907390476190476
2006-12-01,4.90367619047619,4.559395238095238,4.483133333333334,4.516114285714286,4.622090476190476,4.756890476190476
2007-01-01,4.85816,4.4973,4.4372549999999995,4.482855,4.59835,4.743425
2007-02-01,4.988295238095238,4.72135238095238,4.656085714285714,4.685557142857142,4.7871,4.922
2007-03-01,4.967321052631578,4.6850736842105265,4.617510526315789,4.649847368421052,4.758273684210526,4.903142105263158
2007-04-01,4.806831818181818,4.439031818181818,4.401718181818182,4.475118181818182,4.621745454545454,4.7885954545454545
2007-05-01,4.885695238095238,4.534814285714286,4.507433333333333,4.5896380952380955,4.747828571428571,4.9256761904761905
2007-06-01,4.912318181818182,4.629804545454546,4.581304545454545,4.63955,4.783627272727273,4.962504545454546
2007-07-01,4.9727,4.927366666666667,4.94187619047619,5.008333333333333,5.139228571428571,5.284795238095238
2007-08-01,4.903190476190476,4.749438095238095,4.802295238095239,4.907752380952381,5.056785714285714,5.185814285714286
2007-09-01,4.4286,4.289995652173913,4.397182608695652,4.564904347826087,4.7984478260869565,5.020626086956522
2007-10-01,4.131021052631579,4.000384210526316,4.142689473684211,4.358973684210526,4.6461578947368425,4.882584210526315
2007-11-01,4.073881818181818,3.9503045454545456,4.130054545454545,4.36734090909091,4.652159090909091,4.86384090909091
2007-12-01,3.4307499999999997,3.37838,3.65552,3.976625,4.3456,4.61556
2008-01-01,3.2321599999999995,3.140795,3.4851599999999996,3.885625,4.3410899999999994,4.66447
2008-02-01,2.5964761904761904,2.5422285714285713,3.0037761904761906,3.4725761904761905,4.0061,4.4576714285714285
2008-03-01,1.923535,2.203565,2.8472999999999997,3.42686,4.065939999999999,4.62117
2008-04-01,1.515845,1.8456050000000002,2.48687,3.11979,3.86755,4.533825
2008-05-01,1.781231814991344,2.2785090882214636,2.8383091060291634,3.3638227246197783,3.9971090977061876,4.586609093614058
2008-06-01,2.068023799832662,2.6741476177033925,3.208057129196893,3.6601143014090405,4.183399977983747,4.688876199740456
2008-07-01,2.4048333395095107,3.0140857015337263,3.5198142869131894,3.930323850540887,4.3885762350899835,4.814528601510186
2008-08-01,2.2512591101906514,2.8187818310477515,3.333086360584606,3.7726818214763287,4.277854572642932,4.73967270417647
2008-09-01,2.1396380946749733,2.643600009736561,3.1539190610249843,3.6137904893784296,4.15722858338129,4.657795270284017
2008-10-01,1.8884238118217094,2.3184190420877373,2.880595263980685,3.4062857173738026,4.000676177796864,4.47195713860648
2008-11-01,1.4237727251919827,1.865909088741649,2.78337270563299,3.6263818090612223,4.444709062576294,4.8102500438690186
2008-12-01,1.0094666580359146,1.3642055524720087,2.3597666687435566,3.308138887087505,4.241294423739116,4.665844440460205
2009-01-01,0.4878454519943757,0.840077270161022,1.5797772570089863,2.298527305776423,3.055209094827825,3.4750909155065357
2009-02-01,0.4597300007939339,0.9527050018310552,1.6931549966335298,2.4020200371742244,3.18822501897812,3.7252399921417245
2009-03-01,0.6469315823755767,1.2290000099884837,2.010410522159778,2.735478953311318,3.5294263237401053,4.082557891544543
2009-04-01,0.665145456790924,1.230277272787961,1.9448272694240911,2.6129999919371176,3.374100002375515,3.981563611464067
2009-05-01,0.5816999957675025,1.2387380940573554,1.9605095386505127,2.6194809504917678,3.3829618976229714,4.038390500204904
2009-06-01,0.5238249987363816,1.3441650032997123,2.2061300039291374,2.9575400114059436,3.782239997386933,4.441809940338135
2009-07-01,0.5894590846516871,1.7350999983874247,2.720463622700086,3.4802273078398285,4.225231810049578,4.735086332667958
2009-08-01,0.5086363635279916,1.544209100983359,2.5092727162621244,3.2760590965097607,4.038400053977965,4.571636395020918
2009-09-01,0.5246761923744565,1.6620618956429618,2.6145476386660627,3.3362952300480435,4.034519025257656,4.513228529975529
2009-10-01,0.4296285722936903,1.4697809446425671,2.407928557623001,3.1307952404022217,3.826223804837182,4.2990523747035425
2009-11-01,0.41340476132574533,1.4578714257194891,2.3638523987361366,3.06939521290007,3.775471426191783,4.300819033668154
2009-12-01,0.3325631571443457,1.3055526269109625,2.2566421031951913,3.023173696116398,3.7956421249791195,4.37428419213546
2010-01-01,0.40318181839856243,1.3763272708112544,2.3573772798885004,3.1513408855958414,3.948150038719177,4.54091815514998
2010-02-01,0.38632631458734207,1.4841631462699494,2.5023894686447945,3.2939737094076063,4.066852644870155,4.633315789072138
2010-03-01,0.3609578954546075,1.384278949938323,2.4050578945561476,3.22008947322243,4.0264210199054915,4.622184251484118
2010-04-01,0.4293869591277579,1.4846173991327691,2.473160878471706,3.2494608837625254,4.024169569430144,4.624317376509956
2010-05-01,0.4843045459552244,1.6169500080021941,2.6227682178670713,3.373700011860241,4.100518183274702,4.669922763651067
2010-06-01,0.4241500005125999,1.31196500658989,2.246165001392365,2.983659994602203,3.7008949518203744,4.235454988479615
2010-07-01,0.3828909085555512,1.1698454428802842,2.060209073803642,2.7744817950508813,3.489159107208252,4.062854571775955
2010-08-01,0.33702381168093,0.9831095366250897,1.8116333371117002,2.524857146399362,3.272947606586274,3.8894666603633334
2010-09-01,0.30287727036259393,0.7886318185112692,1.5019090880047201,2.1626863642172385,2.9042499932375816,3.5753272771835327
2010-10-01,0.2960809483414606,0.7563476165135701,1.4658047698792953,2.12678095272609,2.8676857267107283,3.5357999801635733
2010-11-01,0.24908500015735627,0.5774899989366531,1.24334499835968,1.924164986610413,2.7489800095558166,3.5631850004196166
2010-12-01,0.28393999859690683,0.6949149966239928,1.3801300108432775,2.0801499962806695,2.9563349962234495,3.8699000239372254
2011-01-01,0.32687272537838336,1.041827277703719,1.954509090293538,2.72678635337136,3.5445182106711646,4.268936330621892
2011-02-01,0.301104998588562,1.0507600188255315,2.0017300128936766,2.7953950047492984,3.631815016269684,4.382895016670227
2011-03-01,0.33297894816649587,1.2869842177943174,2.267668422899749,3.0237158097718893,3.797794743588096,4.506352625395122
2011-04-01,0.2915391325950623,1.1738521741784143,2.125291311222574,2.8713912860206934,3.63962173461914,4.345000018244204
2011-05-01,0.2853950023651124,1.2275799930095674,2.1871550023555755,2.92727998495102,3.685235011577607,4.373914980888367
2011-06-01,0.2139714289279212,0.9542809554508754,1.8406904652005167,2.591076181048439,3.3874762058258066,4.0950238591148755
2011-07-01,0.20680000091140924,0.756781819191846,1.5767045454545465,2.3450818278572774,3.217159076170489,4.014304540374062
2011-08-01,0.21524999990820878,0.7342100050783158,1.545735002088547,2.3255349962997447,3.2290350027656567,4.064985027294158
2011-09-01,0.1467913048008214,0.43100000140563305,1.0309565218013268,1.665873916111822,2.465578244781493,3.2965695774575927
2011-10-01,0.13800476101182765,0.40110000116484507,0.9046285720098586,1.4356761773427333,2.1127333470753262,2.835490487870717
2011-11-01,0.16809500083327295,0.5204899966716766,1.081960001587868,1.6351349830627442,2.2947699844837195,2.9253999948501583
2011-12-01,0.1542400002479553,0.4321650013327599,0.937650004029274,1.4645899951457984,2.1241799950599676,2.786580014228822
2012-01-01,0.15642857196785154,0.4272523848783402,0.9166619011334012,1.4301142976397556,2.0791571594419924,2.740319047655379
2012-02-01,0.14695500135421752,0.3950949981808663,0.8733150005340576,1.3894350051879876,2.0593849956989283,2.7642849922180175
2012-03-01,0.19847500026226045,0.4147399991750717,0.8640650033950805,1.368324989080429,2.0496450126171104,2.8056299924850463
2012-04-01,0.2305545454675501,0.5493681783025914,1.0577454566955566,1.5896045403047052,2.2771363583478066,3.008909073742953
2012-05-01,0.22310476288909004,0.46897618827365695,0.9373380939165747,1.4517904690333772,2.137347607385545,2.887799989609492
2012-06-01,0.2264999997886744,0.41549545391039405,0.8030499978498981,1.2432000041007991,1.851045445962386,2.5572136532176626
2012-07-01,0.23536190390586847,0.42547142931393234,0.7552714319456191,1.1278047590028666,1.6563904626028882,2.306980950491769
2012-08-01,0.21594761737755375,0.3537809508187429,0.6589380956831433,1.0235619005702787,1.555395251228695,2.217838105701265
2012-09-01,0.21346521816979291,0.3848565206548442,0.7466304283307946,1.1613826209275613,1.7378869573427287,2.40920435630135
2012-10-01,0.20668420979851174,0.34818947472070394,0.7095157880532115,1.143157902516818,1.7647684310611933,2.5075315927204342
2012-11-01,0.22254285854952668,0.3836809524468014,0.7438142782165891,1.1695523829687209,1.7797714301518035,2.516023806163243
2012-12-01,0.21839999705553054,0.36535000056028366,0.701960003376007,1.102699995040893,1.6811850011348723,2.389625012874604
2013-01-01,0.2020950004458427,0.3688100010156631,0.728194996714592,1.1494050025939935,1.750355011224747,2.4756850004196176
2013-02-01,0.18483333289623255,0.40447143145969927,0.8321285701933361,1.3112761804035733,1.965290466944378,2.708304779870168
2013-03-01,0.18761052661820465,0.41645789460132,0.8661052710131595,1.3680420988484432,2.048336832146896,2.811763148558767
2013-04-01,0.1830200001597405,0.40099499970674524,0.8401450008153916,1.3373250007629391,2.021490001678468,2.8061700105667122
2013-05-01,0.16636363687840372,0.3493681848049165,0.726359091021798,1.1652409109202309,1.7905636375600642,2.5461454608223657
2013-06-01,0.15436818247491668,0.4108454544435848,0.850831814787605,1.332345458594235,1.9861408851363442,2.73606364293532
2013-07-01,0.1707299992442132,0.6141399979591369,1.2038350045681006,1.751160007715225,2.406744980812074,3.0889450073242193
2013-08-01,0.1501954536546359,0.6898499998179349,1.4118818044662487,2.0346318104050383,2.7140636335719717,3.351886369965294
2013-09-01,0.148218182000247,0.7415090907703746,1.5322000005028458,2.198149973695929,2.8984909057617183,3.5238363742828382
2013-10-01,0.14694500043988226,0.8154750078916552,1.6187249958515149,2.2745949983596803,2.9541499733924867,3.558804976940155
2013-11-01,0.15889090976931844,0.6641409044915979,1.3904318159276796,2.04136816479943,2.754240881312977,3.4005818258632328
2013-12-01,0.1495631595975475,0.621815794392636,1.3972736848028091,2.1070420867518362,2.877684216750295,3.546126315468236
2014-01-01,0.15961428483327234,0.7279523809750874,1.5919142904735746,2.3282618863242015,3.073033344177972,3.673319033214023
2014-02-01,0.14489047548600606,0.8130238169715517,1.6667142992927928,2.343438114438737,3.0064047745295923,3.552338111968267
2014-03-01,0.13183684254947456,0.7295473657156292,1.5435157951555751,2.198657889115184,2.8530263147856054,3.4148263303857087
2014-04-01,0.13551428594759532,0.8442523763293314,1.6674428497041982,2.2737809362865624,2.852161907014392,3.355066662742978
2014-05-01,0.10657619046313413,0.8999952361697242,1.7373000099545437,2.3095428375970743,2.826785723368327,3.2645952588035945
2014-06-01,0.09481428563594814,0.8358809465453738,1.620076173827762,2.1602237905774806,2.6597047533307756,3.1009904657091414
2014-07-01,0.12474761938764937,0.9183142866407124,1.7005523897352666,2.2253142992655435,2.7071333272116527,3.1360142912183475
2014-08-01,0.12966818260875623,0.9937499951232561,1.72977273572575,2.1995908997275606,2.6387772885235874,3.0495863611047924
2014-09-01,0.12760476235832488,0.974971436318897,1.6771952481496915,2.113171418507894,2.5164904707954037,2.905990475700015
2014-10-01,0.14003809435026987,1.1019285633450466,1.8227571476073483,2.249719063440959,2.634019045602707,2.994623819986979
2014-11-01,0.12593636390837773,0.924168188463558,1.600286364555359,2.020490901036697,2.4015227339484477,2.7595181790265184
2014-12-01,0.1632333339916335,0.9979388846291436,1.66548334227668,2.0680333243476023,2.4257055388556577,2.762444469663832
2015-01-01,0.26197272674603894,1.0862954611128026,1.680527275258845,2.009027248079125,2.2807272997769457,2.540781823071567
2015-02-01,0.2224700011312962,0.9249100029468529,1.4127100050449364,1.6966299951076504,1.9516550004482276,2.2040299892425534
2015-03-01,0.2512421066823759,1.0150157871999241,1.513242112962823,1.8027157846250033,2.0690999909451127,2.3364789736898324
2015-04-01,0.30375454507090827,1.035049996592782,1.5528954592618092,1.8585772622715337,2.128486384044995,2.3902136520905923
2015-05-01,0.2675772729245099,0.8852227221835743,1.3872318267822263,1.71432728659023,2.0180545449256915,2.3162045695564966
2015-06-01,0.28845000118017194,1.0041499972343444,1.5765349924564376,1.953410017490387,2.3062450051307684,2.6560400009155267
2015-07-01,0.33507272465662524,1.0976181897250095,1.720422728495164,2.121818174015392,2.4718863747336646,2.7922090942209423
2015-08-01,0.3281227255409415,1.0530409108508711,1.6642590815370732,2.0639136271043244,2.407690926031633,2.7122954346916894
2015-09-01,0.40651904685156687,1.0505952437718704,1.5835190500531877,1.934538097608657,2.241776182537987,2.5186761787959506
2015-10-01,0.42158571453321547,1.0374380974542543,1.5447809525898517,1.9054333255404527,2.25843331927345,2.605976195562454
2015-11-01,0.36572856988225666,0.9429809479486375,1.4350714342934747,1.7944999933242791,2.1473190443856374,2.4890142622448157
2015-12-01,0.5886315797504625,1.21737896141253,1.718652637381302,2.05533156269475,2.363810539245606,2.6601841951671394
2016-01-01,0.7481454529545524,1.2948136492209008,1.7458136352625764,2.0565909309820687,2.336650003086436,2.587618177587336
2016-02-01,0.7058578917854711,1.1650684193560956,1.5573157887709768,1.859494730045921,2.171821042111045,2.4748578824495016
2016-03-01,0.6064150035381317,0.9259749919176103,1.2674299895763401,1.555360001325608,1.867434996366502,2.1781300067901617
2016-04-01,0.6791545423594388,1.0715909058397468,1.4222636385397474,1.6950682022354824,1.975654558701949,2.2507908994501276
2016-05-01,0.5786285655839102,0.9523238113948277,1.291714276586261,1.5669333310354323,1.867423818224952,2.181328557786488
2016-06-01,0.6268428535688491,1.0008571403367181,1.3336714222317647,1.5954523710977466,1.8743285848980857,2.1709619022551045
2016-07-01,0.6002454513853247,0.8924727250229231,1.1966409087181082,1.4416045546531673,1.6975909200581627,1.9659318111159585
2016-08-01,0.5688599914312362,0.8258999973535539,1.0981099843978896,1.3162449955940239,1.541014999151229,1.7746400058269505
2016-09-01,0.6122869564139326,0.8948217448980912,1.165243459784466,1.378491308378137,1.6024869680404665,1.844086958014447
2016-10-01,0.6609190475373041,0.9437666648910159,1.2248095273971562,1.4458285626910985,1.6829666637239005,1.9544047741662895
2016-11-01,0.6934449970722198,1.0360149919986732,1.3267199993133534,1.5563499867916106,1.813844990730286,2.1150450110435504
2016-12-01,0.7767650008201599,1.252755001187325,1.662425011396408,1.949955010414124,2.2229899883270257,2.497204995155334
2017-01-01,0.9000285721960524,1.5257476170857758,2.0116619041987835,2.327128569285075,2.5943142800104053,2.8198381037939173
2017-02-01,0.8712950021028518,1.5100600004196174,1.9645099937915809,2.2555349826812745,2.5080199956893914,2.7333099961280825
2017-03-01,0.8811999998594585,1.5020052571045732,1.9501052718413496,2.2401157931277624,2.497078970858924,2.736373662948607
2017-04-01,1.0566956504531528,1.6116130403850386,2.0529391247293227,2.3230434811633565,2.552926084269649,2.7832130245540445
2017-05-01,1.0694105185960467,1.4747157787021847,1.8550894825082072,2.1165578930001514,2.3589947474630253,2.6097999999397663
2017-06-01,1.152222730896689,1.5050863623619077,1.863904557444833,2.121009100567211,2.369813648137179,2.6331863620064477
2017-07-01,1.2243499972603542,1.505813636563041,1.7965499975464567,2.0120272636413574,2.230800000104037,2.4761999953876845
2017-08-01,1.2418399930000317,1.557829982042313,1.8873849928379047,2.1308499693870555,2.366479980945588,2.599894988536834
2017-09-01,1.2283130365869266,1.49184348790542,1.792882603147756,2.0244608651036797,2.256791280663532,2.495299992354019
2017-10-01,1.272719991207123,1.5338249981403351,1.8143100082874295,2.0263799965381626,2.239240026473998,2.466190004348755
2017-11-01,1.3945095312027709,1.710704763730367,1.9889904771532334,2.1897904872894296,2.3857666651407876,2.5887428238278334
2017-12-01,1.5478428658984953,1.8292904751641412,2.054147618157523,2.2171523798079713,2.380457162857055,2.5519238313039145
2018-01-01,1.6967649936676028,1.9791349828243257,2.1741999864578245,2.3049800038337698,2.4285700082778936,2.555034983158111
2018-02-01,1.8327857199169357,2.170514265696208,2.3716333366575686,2.4929380984533402,2.5975190571376254,2.6975380920228504
2018-03-01,1.9824999696330028,2.370115782085219,2.613005261672169,2.7634368319260454,2.890484207554868,2.9919947323046236
2018-04-01,2.080433311916533,2.428066662379674,2.633109512783232,2.755142859050205,2.8568904854002453,2.94512380872454
2018-05-01,2.1696095239548456,2.5336333456493567,2.7038238162086126,2.791852394739787,2.863914285387311,2.938642865135556
2018-06-01,2.2814681529998784,2.6562636223706337,2.8199908733367924,2.9095181768590748,2.983945434743708,3.047763629393145
2018-07-01,2.3356714135124563,2.6404571306137807,2.778976190657842,2.8568381014324356,2.9205476215907504,2.9740333330063593
2018-08-01,2.3954999900999523,2.684642859867641,2.7748904909406384,2.833990494410197,2.892128569739206,2.944261902854557
2018-09-01,2.443417383276897,2.695030430088873,2.766608704691348,2.821130431216696,2.886969566345215,2.9599478037460996
2018-10-01,2.562999976308723,2.8239526246723368,2.8889526442477576,2.9362578893962663,2.9962947243138367,3.068057875884206
2018-11-01,2.6659818237478095,2.919049999930641,2.997604543512517,3.064754551107234,3.1498500000346796,3.2454863786697388
2018-12-01,2.7141649961471552,2.888929998874664,2.9478249788284296,3.0169749736785882,3.118684995174408,3.2429550051689153
2019-01-01,2.6540894633845276,2.667042117369803,2.689894751498573,2.7383158081456243,2.8245368254812133,2.9461368510597614
2019-02-01,2.5651476042611243,2.5188428560892753,2.544638077418008,2.601214283988589,2.700204781123569,2.8457095282418394
2019-03-01,2.5204210532338998,2.480326326269853,2.508221061606156,2.5665420983967033,2.6691368379090963,2.8216579085902156
2019-04-01,2.4727190335591636,2.3725047679174516,2.3925428617568247,2.4575857207888654,2.5725666908990767,2.7410286040533163
2019-05-01,2.4002761613755,2.3094190415881934,2.343342849186488,2.418414263498216,2.5386190414428715,2.7014857246762225
2019-06-01,2.3267818364230073,2.1611136414787984,2.197949994694102,2.2836636196483266,2.4099772843447593,2.5725545666434546
2019-07-01,2.0037649810314173,1.785159999132155,1.844179999828338,1.9483950018882754,2.090699994564056,2.2831449747085566
2019-08-01,1.9784681851213635,1.8036954565481707,1.8383954384110188,1.925327268513766,2.063768175515262,2.269272750074213
2019-09-01,1.7745590968565514,1.5122181827371763,1.499454541639848,1.5428499958731907,1.6359681866385716,1.8158000057393857
2019-10-01,1.8276800096035004,1.6079099953174592,1.583570003509521,1.6222799956798561,1.7144350051879875,1.8837800204753887
2019-11-01,1.6562409130009739,1.5427636233243078,1.5481181740760803,1.6016545458273455,1.7148954434828327,1.9165818203579297
2019-12-01,1.645584206832082,1.6297947293833672,1.6595105246493689,1.7177894742865323,1.8328947330776022,2.0385526293202445
2020-01-01,1.646557132403056,1.6501952296211608,1.7017428647904176,1.772895245324998,1.8917904808407737,2.082219078427269
2020-02-01,1.5773000149499816,1.5236857107707433,1.5683952399662562,1.6465285675866266,1.779223799705506,1.9855428479966666
2020-03-01,1.4488157912304527,1.311673681986959,1.3331368377334192,1.3991368381600622,1.5198631537588014,1.7197315881126805
2020-04-01,0.5109409087083557,0.5763045468113638,0.6888363700021396,0.7978318198160695,0.9458500038493759,1.1674045513976716
2020-05-01,0.21458095241160619,0.3051666674159823,0.427947617712475,0.5515809541656858,0.7243095267386664,0.9717047611872354
2020-06-01,0.17482500076293933,0.2396549992263317,0.37585000097751614,0.5166300028562547,0.7108800023794174,0.9928200006484985
2020-07-01,0.20141817976344728,0.24104999919046044,0.3790363631161776,0.5334363644123076,0.7538500022844835,1.0728999959252095
2020-08-01,0.16392727467146795,0.18767727369611906,0.3061272725462913,0.4413272752003237,0.6342136426405474,0.9144227260893039
2020-09-01,0.14949999962534224,0.1772047614767438,0.29875714296386363,0.44342380620184396,0.6546190409433275,0.9556571500641963
2020-10-01,0.14335714351563228,0.16944285659562977,0.2957190502257573,0.450747617653438,0.6804952337628318,1.004657129446665
2020-11-01,0.1412904766650427,0.19936666688124344,0.36035714570681254,0.5411238093535106,0.7926190523011345,1.1292000027611138
2020-12-01,0.13834210526315788,0.22987894736842107,0.41672631578947367,0.6154368421052632,0.8783105263157894,1.2036157894736843
2021-01-01,0.1171409090909091,0.1990909090909091,0.41282727272727276,0.6436045454545455,0.9412363636363636,1.2830590909090909
2021-02-01,0.10928421052631579,0.21039473684210527,0.47087894736842106,0.7482684210526316,1.095442105263158,1.4647263157894737
2021-03-01,0.08651578947368421,0.23582105263157893,0.5641999999999999,0.8972105263157895,1.298678947368421,1.7082368421052632
2021-04-01,0.08195217391304348,0.3567173913043478,0.8392782608695653,1.2654260869565217,1.7122043478260869,2.100104347826087
2021-05-01,0.07685,0.3817727272727272,0.8766590909090909,1.3006272727272727,1.7288227272727275,2.077631818181818
2021-06-01,0.067185,0.355685,0.836965,1.266295,1.7183199999999998,2.099215
2021-07-01,0.08917727272727273,0.4103136363636363,0.8523045454545454,1.2227863636363636,1.6077818181818182,1.9549954545454546
2021-08-01,0.09264761904761905,0.4113142857142857,0.7775142857142857,1.0694238095238096,1.3798095238095238,1.6991238095238097
2021-09-01,0.08707272727272727,0.4279818181818182,0.7855818181818183,1.0537818181818182,1.3365954545454546,1.644531818181818
2021-10-01,0.09115714285714285,0.4795285714285714,0.8765523809523809,1.1543333333333332,1.4241095238095238,1.6967142857142856
2021-11-01,0.14536,0.6838650000000001,1.11826,1.39274,1.6411200000000001,1.87711
2021-12-01,0.20646499999999998,0.8348850000000001,1.219455,1.43204,1.621885,1.813335
2022-01-01,0.35929545454545453,0.9641363636363636,1.2441863636363637,1.3922409090909091,1.5359636363636364,1.712440909090909
2022-02-01,0.602125,1.255485,1.551355,1.70797,1.850505,2.008635
2022-03-01,1.0414315789473685,1.668557894736842,1.8307157894736843,1.9055315789473686,2.0097894736842106,2.173673684210526
2022-04-01,1.4133434782608696,2.1113,2.1386695652173913,2.126908695652174,2.179491304347826,2.3330347826086957
2022-05-01,1.9454,2.75335,2.7940750000000003,2.7779949999999998,2.798135,2.868735
2022-06-01,2.0946666666666665,2.8070761904761903,2.8851190476190474,2.9083238095238095,2.9698333333333333,3.0985857142857145
2022-07-01,2.6688238095238095,3.149033333333333,3.190657142857143,3.1919999999999997,3.2209285714285714,3.3099285714285713
2022-08-01,3.0197,3.0381150000000003,2.9603,2.93254,2.968315,3.10535
2022-09-01,3.2031391304347827,3.2081652173913047,3.041413043478261,2.935926086956522,2.9274521739130437,3.0911826086956524
2022-10-01,3.863928571428571,3.854295238095238,3.70012380952381,3.5984142857142856,3.5595523809523812,3.6282142857142854
2022-11-01,4.424885,4.337795,4.17181,4.0761,4.0375,4.09458
2022-12-01,4.680085,4.304795,4.05544,3.951095,3.94066,4.056965
2023-01-01,4.590847619047619,4.048204761904762,3.7580142857142858,3.62922380952381,3.6055380952380953,3.726452380952381
2023-02-01,4.619185,3.92145,3.6107199999999997,3.5027749999999997,3.515125,3.6604750000000004
2023-03-01,4.905605263157895,4.222142105263158,3.898168421052632,3.7676736842105267,3.7333421052631577,3.8113157894736847
2023-04-01,4.694652173913044,4.0662391304347825,3.808913043478261,3.7148913043478258,3.694017391304348,3.75994347826087
2023-05-01,4.56079,3.75415,3.50946,3.4532350000000003,3.4850699999999994,3.6091749999999996
2023-06-01,4.760540909090909,3.818736363636363,3.5623227272727274,3.5316727272727273,3.6085136363636363,3.778377272727273
2023-07-01,5.1461,4.2785714285714285,3.9005190476190474,3.763804761904762,3.7538238095238095,3.8724619047619044
2023-08-01,5.26452,4.470409999999999,4.088635,3.931255,3.88739,3.96766
2023-09-01,5.268730434782609,4.577595652173913,4.256965217391304,4.1439260869565215,4.157121739130434,4.3064347826086955
2023-10-01,5.35809,4.71067,4.448145,4.374525,4.39503,4.506725
2023-11-01,5.336623809523809,4.851242857142857,4.729261904761905,4.7558428571428575,4.869580952380953,5.03372380952381
2023-12-01,5.2,4.612119047619048,4.449195238095238,4.457138095238095,4.564342857142857,4.737533333333333
2024-01-01,4.877415,4.16613,3.9831600000000003,3.9756799999999997,4.05825,4.2037700000000005
2024-02-01,4.721157142857143,4.071461904761905,3.954695238095238,3.980214285714286,4.081909523809524,4.247338095238095
2024-03-01,4.87032,4.29579,4.1530000000000005,4.152265,4.229645,4.372755
2024-04-01,4.9325,4.342429999999999,4.165005,4.1424900000000004,4.2038,4.3386949999999995
2024-05-01,5.069268181818182,4.673481818181818,4.508168181818181,4.466095454545454,4.509272727272727,4.646140909090909
2024-06-01,5.0759,4.617368181818182,4.442613636363636,4.407381818181818,4.4558409090909095,4.5863000000000005
2024-07-01,5.025321052631579,4.46927894736842,4.2642105263157895,4.221921052631579,4.276584210526316,4.420489473684211
2024-08-01,4.843450000000001,4.2543500000000005,4.116081818181818,4.134009090909091,4.243740909090909,4.426131818181818
2024-09-01,4.4131,3.7845666666666666,3.7131833333333333,3.7645166666666667,3.8947916666666664,4.1024
