Date,IP,Infl_US,TB_3M,ebp,L,S,C,S&P_500
1973-01-01,9.742704385726375,3.6407766990291357,5.41,0.0150723747588423,6.35498262398473,-0.828316773022884,0.711819903503438,18.481845431893884
1973-02-01,10.232184759787577,3.864734299516903,5.6,-0.0027124665030975,6.14439994595837,-0.534602551387741,2.36550668528313,14.640409945950372
1973-03-01,9.497005283063299,4.8309178743961345,6.09,-0.0969733122255194,6.34370999134085,0.0058938519196247,1.64929876073357,8.476774564264101
1973-04-01,8.262114489300787,5.301204819277117,6.26,-0.1548387584567653,6.49919350735953,-0.256811387707277,0.901770307479762,4.387575717439662
1973-05-01,8.969091191669577,5.528846153846145,6.36,-0.0601978846008985,8.35348219767211,-1.34929840453672,-3.18924695347736,1.3445325729222635
1973-06-01,8.817673616493572,5.995203836930463,7.19,0.0444685083511477,7.38966817391006,0.467532278452533,-2.96239268896863,-0.3956586225769554
1973-07-01,9.320807321655856,5.741626794258381,8.01,-0.3207928022590643,6.78192557202387,1.72504645712019,1.95730936344468,-3.014238956201698
1973-08-01,7.6839011605244645,7.398568019093088,8.67,-0.2041830041384428,7.10792638765832,1.94511148595853,-2.79817842439162,-1.280433555794569
1973-09-01,7.721625630376727,7.3634204275534465,8.29,-0.3521825106957648,7.8114398780768,0.0100482450036999,-4.25345687322129,-6.49310516597833
1973-10-01,7.2013982933698095,8.056872037914697,7.22,0.1273669594077924,6.63832213518579,1.01179929210424,-1.31304258078239,-3.459415747919359
1973-11-01,6.430189098689798,8.25471698113207,7.83,0.0758650271278118,6.84632566963606,1.38656778735149,-2.76285050371583,0.257041120963275
1973-12-01,4.953399436671324,8.94117647058823,7.45,0.007076548859028,6.92858504748867,0.995064165564865,-2.40105266913587,-11.312022487182915
1974-01-01,3.5062313298808157,9.601873536299754,7.77,-0.0434087069968909,7.03803252810342,0.986349961431989,-2.52143511379674,-19.330959412431138
1974-02-01,1.7269620749537973,9.999999999999986,7.12,0.1640832934058995,6.94046559111347,0.879135843156852,-1.74396044568009,-18.84102849185374
1974-03-01,1.6727929235573091,10.138248847926267,7.96,-0.0842334154301114,7.01206782267818,1.7797511874821,-0.0571523031055353,-18.141458235127317
1974-04-01,1.514427552666242,10.068649885583515,8.33,0.0640599945297761,7.08749230805857,2.02103577087017,-0.05032345956396,-13.322373660722931
1974-05-01,1.6622616028489468,10.70615034168565,8.23,0.0754033160383831,6.14894316737711,2.23443680172504,0.592163004191402,-16.157760572941584
1974-06-01,1.3544224061753596,10.859728506787313,7.9,0.6689489283429924,6.39284056291214,1.5653897059393,3.46952323485305,-16.370403970492365
1974-07-01,1.169827974301474,11.538461538461519,7.55,1.2268001769232642,5.94833438776214,1.97986019041103,4.79953565894645,-14.288861112762241
1974-08-01,0.24561130789131358,10.888888888888882,8.96,0.7935562558904963,7.48108013185612,2.10139989536715,1.70370607166761,-21.7464448246245
1974-09-01,-0.536888207405839,11.946902654867241,8.06,0.9073033023284404,7.29589507979864,-0.664856987117651,3.47890756537214,-26.75788155208434
1974-10-01,-1.6346040363507508,11.842105263157897,7.46,1.0584354751206084,4.538415475173,3.14517442782795,4.08673908525828,-35.492799055030375
1974-11-01,-5.305413767444289,12.200435729847502,7.47,1.0034523634129353,7.19848569540903,0.624733516465558,-0.545349783335844,-36.78723329748698
1974-12-01,-8.454554777110356,12.095032397408211,7.15,1.1625508685215389,5.05006042733283,1.98258883968595,2.94801567716022,-29.692255806891122
1975-01-01,-9.121738118195367,11.752136752136755,6.26,0.3996184790046888,0.937799040767094,4.63978015802671,12.3146780843604,-29.235595283874826
1975-02-01,-10.93986105175977,11.205073995771686,5.5,0.4091662288054865,1.97341625312921,3.26229875162862,10.8721505062021,-24.498916994528052
1975-03-01,-11.89406640567341,10.460251046025103,5.49,0.5975757004534115,0.188520004939945,5.23965804167801,14.2805682123382,-14.29199076729878
1975-04-01,-11.46222349899454,10.187110187110182,5.61,0.2379361840707805,4.24457159147124,1.03321636655855,10.4342645412769,-13.964676874864834
1975-05-01,-12.421276455823838,9.259259259259256,5.23,0.3508812681108977,7.43801861771531,-2.52772215249049,2.92593287263735,-8.363970940765352
1975-06-01,-11.706276874695298,9.183673469387754,5.34,0.2457929336026809,7.30609158715006,-1.58249738200769,2.40349566200651,0.4783431163127405
1975-07-01,-10.962174153214853,9.533468559837743,6.13,0.3632310460017989,7.12038112371171,-1.04344713916583,3.50775676736047,2.907613084106697
1975-08-01,-9.128488229130438,8.617234468937895,6.44,0.1117960327171274,7.70676293470109,-1.58206700050512,2.12301512932485,11.673857180432435
1975-09-01,-7.962567141037713,7.905138339920947,6.42,0.2895193391208384,8.00288133857781,-1.7146188253918,2.17756326404988,12.744240545482644
1975-10-01,-7.278980942668034,7.647058823529407,5.96,0.0976663102399097,8.05522678277054,-2.81949919038001,0.681836783528379,24.29338292633132
1975-11-01,-3.9841735941657186,7.37864077669903,5.48,0.1730180425515892,8.00680600266751,-2.77823380879835,0.986005895693774,27.563212301598327
1975-12-01,0.9426272487201182,7.129094412331405,5.44,-0.0391266225292117,7.6586211836321,-2.7076633270945,1.75550538733036,25.549246695815732
1976-01-01,3.7250523242605693,6.692160611854692,4.87,-0.1482359065167583,4.82416928165063,-0.370495193624194,9.40095007855858,32.24399362030652
1976-02-01,7.2101840882278,6.273764258555126,4.88,-0.0512615619679139,7.4155021854444,-2.67761404696569,2.61836808389853,33.48134339710172
1976-03-01,8.620995751639704,6.060606060606055,5.0,-0.0982576344650166,7.41217802795146,-2.7167791177394,2.42122918807868,25.64724371527971
1976-04-01,8.960714820546078,5.849056603773595,4.86,-0.0409007117578257,7.67379131854695,-3.05793950297259,0.603138757102403,20.57966992196645
1976-05-01,9.736409350196862,6.214689265536721,5.2,-0.101279187611307,7.71607109375876,-2.56480198527824,1.88491457256183,20.308894522101028
1976-06-01,9.163808391514472,5.981308411214958,5.41,-0.0375285361734281,7.77943880412727,-2.6154632616047,0.67858344138878,12.282216123744426
1976-07-01,8.651433945448783,5.555555555555558,5.23,-0.0779856375698748,7.86838372381334,-2.96251427117595,0.139178533203043,10.140653925840649
1976-08-01,8.329757876568733,5.719557195571956,5.14,-0.1595254486546155,7.84075002412668,-2.92933828361483,0.115641524710164,12.66518005826378
1976-09-01,7.297256970682953,5.494505494505497,5.08,-0.1954967177675753,7.70625962193269,-2.70348039648986,1.35478133397222,20.507791150355548
1976-10-01,6.80656501391077,5.464480874316946,4.92,-0.1350826577831401,7.79194605436032,-3.03951830737676,0.0212483922598748,24.542775668923177
1976-11-01,8.294446757697148,5.063291139240511,4.75,-0.3690333288086942,8.21465220246342,-3.76687895144441,0.12708164180094,15.027928631643416
1976-12-01,8.003031683930416,5.035971223021574,4.35,-0.0338669311889185,6.93792709937383,-2.68452336415764,2.16784720329182,12.355747246992976
1977-01-01,5.851637661674958,5.197132616487465,4.62,-0.3016276596577203,7.17689231989401,-2.62916683374354,1.99099206993581,17.993654912892822
1977-02-01,6.45720916605339,6.082289803220031,4.67,-0.1882553677537821,6.54739844323776,-2.0221724961103,4.41714603247697,7.17927283537465
1977-03-01,7.577878249339309,6.428571428571428,4.6,-0.1585178176067992,6.7657625982628,-2.34395122510721,4.07526531767825,0.31430519826718406
1977-04-01,8.090030740192699,6.951871657754016,4.54,-0.2413161147600112,7.57194431612777,-3.14452428124497,0.123236870886689,-0.5092609522932334
1977-05-01,8.462205191368998,6.737588652482285,4.96,-0.2520373181050955,7.51645120072687,-2.56041598408369,0.0646778439867424,-2.825013581567648
1977-06-01,9.173783071917452,6.701940035273357,5.02,-0.2638471190639814,7.64741851848559,-2.62769693925927,-0.0222936085583581,-2.3739381048179853
1977-07-01,8.711207990428882,6.666666666666665,5.19,-0.1793544540820337,7.52515065806211,-2.07989297923996,0.0548882880857388,-2.4378363500918154
1977-08-01,8.077223413663749,6.631762652705064,5.49,-0.1879536865953966,7.42634264187489,-1.76621848496837,-0.0513357979545057,-3.8603606558191284
1977-09-01,8.148741275053384,6.423611111111094,5.81,-0.1403483924945909,7.36391965957923,-1.3463055782342,-0.0646744107549084,-5.365205296096898
1977-10-01,8.355937869497222,6.390328151986191,6.16,-0.1513269725850403,7.43625229378254,-1.38174373692317,0.604247767225022,-8.744107405332846
1977-11-01,6.9120503465968985,6.712564543889843,6.1,-0.134137820029255,7.43884837598795,-1.37936788907293,0.284952050379678,-7.994989978955913
1977-12-01,5.958830139346172,6.67808219178081,6.07,-0.3332747061628047,7.81499537476781,-1.56932020482849,0.121249292929054,-6.828665732394256
1978-01-01,5.131269907306524,6.814310051107331,6.44,-0.3386841801897982,7.86381150163324,-1.42907581435466,0.184575720415393,-10.35767020083922
1978-02-01,4.076635194025902,6.2394603709949426,6.45,-0.339087865700834,7.9772864233159,-1.5939108233983,0.349858666450072,-13.065576141896917
1978-03-01,4.738783772795174,6.375838926174482,6.29,-0.3358842000603432,8.02691666721368,-1.58733027092308,0.569807976792733,-11.86710128950792
1978-04-01,5.78918369076884,6.499999999999995,6.29,-0.2837436265063301,7.99913340351294,-1.75523980287978,1.4715863914396,-11.683474460076294
1978-05-01,5.484942799461656,7.14285714285714,6.41,-0.2431391225538896,8.1642068202028,-1.45038727266522,1.42698935445556,-6.40030402963665
1978-06-01,5.357556531811203,7.438016528925617,6.73,-0.4467195869053451,8.22271996411358,-1.32307576842295,2.24161545367365,-1.365123864605955
1978-07-01,5.146392147953294,7.7302631578947345,7.01,-0.3622412903143387,8.14134083486939,-1.3019850718314,2.31905598649439,-1.635772303428229
1978-08-01,5.468844348756741,7.855973813420625,7.08,-0.3919212667867034,8.08770481008438,-0.435029049292206,1.10273483662606,-2.9806022966097467
1978-09-01,5.297825081556851,8.482871125611746,7.85,-0.3224533653761825,8.19166130356231,0.24498780847199,0.481606802776242,6.313800143459414
1978-10-01,5.94243710529041,8.92857142857142,7.99,-0.5103527868500053,8.29047385601954,0.620813633461849,2.18368896458966,7.923133019140671
1978-11-01,6.564177395452475,8.870967741935477,8.64,-0.2607145356572801,8.05940582440999,1.32390020083122,2.28815599638682,7.301202215642921
1978-12-01,6.906426727793025,8.988764044943842,9.08,-0.3970897107730838,8.20681304980735,1.34521665718321,3.46997165029778,0.45203030404197264
1979-01-01,7.905084547030605,9.250398724082931,9.35,-0.2716657063702113,8.2307351926736,1.51116926317434,1.58694732166344,2.437658666103504
1979-02-01,7.854523800104518,9.84126984126985,9.32,-0.3280063612730544,8.51585349223523,1.29698624074034,1.52381537560021,10.477039483360585
1979-03-01,6.146582246929766,10.252365930599371,9.48,-0.1957919168299811,8.48976134487589,1.32398262587123,1.09888573053377,10.40087981491602
1979-04-01,2.832944042243768,10.485133020344284,9.46,-0.2443801462792281,10.5682533284803,-0.517585254631449,-4.50825983226453,12.714236864153028
1979-05-01,3.2535755439571545,10.697674418604652,9.61,-0.2721809577594386,12.0020821076055,-2.02627293119249,-7.61559489255121,10.091090908333822
1979-06-01,2.601886590627278,11.076923076923073,9.06,-0.191046192135307,9.69920742199651,-0.317727199614466,-3.72652812909587,2.3769632820450637
1979-07-01,2.5095943417171584,11.45038167938932,9.24,-0.2668138082762672,10.421533938904,-0.69583676551696,-4.71176676345293,4.163142398589459
1979-08-01,1.42834298394372,11.836115326251884,9.52,-0.3500453990848365,9.97470428022338,0.441389424309888,-4.1120143088748,5.678348025832958
1979-09-01,1.1850926881534107,11.879699248120312,10.26,-0.1614838728150732,13.2352248159271,-2.30313707524044,-9.97209003430366,3.304742979275721
1979-10-01,1.098213814548643,12.071535022354718,11.7,-0.7084778112419421,9.73083338822531,2.960986010412,2.22254095532051,4.563815964237361
1979-11-01,0.16292267767299418,12.592592592592599,11.79,-0.1523127684367048,11.1633681082034,0.743514822135228,-5.11600031816929,3.8668393049728023
1979-12-01,-0.26826053308579567,13.254786450662737,12.04,0.0841984302921377,10.2465203651157,2.20607743639098,-3.7651986700062,9.45447358349265
1980-01-01,0.8122493252276763,13.868613138686126,12.0,-0.1016949668693676,11.521974025258,1.06141877900424,-4.27679992525425,12.141091790870707
1980-02-01,0.3445985860839995,14.161849710982644,12.86,-0.4135433186731408,10.7246989433761,3.11452444582313,6.23640643879494,11.196208953618946
1980-03-01,-0.38091095268157904,14.592274678111572,15.2,0.238444969107694,10.4055228946213,5.38317389940524,4.0805936457366,17.417916150552102
1980-04-01,-1.1631667121206335,14.589235127478762,13.2,-0.4717886383758569,12.3450205463588,-1.3463567846351,-5.50754684721732,4.568788361985021
1980-05-01,-4.445070879398827,14.425770308123242,8.58,-0.0646071226033886,10.2887543410313,-2.32687184111083,-0.0439972685503912,0.8824360405570442
1980-06-01,-5.686914651875341,14.265927977839322,7.07,-0.2606784347137973,9.91480433472722,-2.06256883021368,0.14068078994355,7.988308420281087
1980-07-01,-6.212629852801276,13.15068493150684,8.06,-0.0381171235302866,10.4272947419289,-2.11718025326063,0.191143816989638,12.60134465954219
1980-08-01,-5.2965747052159955,12.890094979647216,9.13,-0.1192510773872072,10.3489662809088,-0.38271396298562,3.84461432109704,16.66932254821012
1980-09-01,-3.710819264960352,12.768817204301076,10.27,-0.1016848888857042,11.1149531269385,0.432724928369892,1.29338290964216,15.03462026235316
1980-10-01,-3.1552309441140625,12.632978723404253,11.62,-0.2112904070627662,11.6062271805397,1.2829144706424,1.30199436011794,16.496852256075133
1980-11-01,-1.3769746447672704,12.631578947368416,13.73,0.2551470652469687,11.3855475830695,3.85596158014665,-0.0383911080300277,24.646258059426774
1980-12-01,-0.797077190123896,12.353706111833551,15.49,0.0284069580595729,11.7501139804459,3.59690504003128,-3.27973734472531,30.859981585468166
1981-01-01,-1.9424688910488985,11.794871794871797,15.02,0.3226899192679081,12.3015620704821,3.40502035213649,-4.61950885551522,23.85241864651637
1981-02-01,-2.3946715815760244,11.392405063291132,14.79,0.0746529213498566,12.7384064638833,2.10495262497775,-1.49664070193402,19.93135550064078
1981-03-01,-1.4767227304783082,10.611735330836458,13.36,-0.0536306067238622,11.3662612998801,1.20305221780877,1.75434842768221,11.319904345970965
1981-04-01,0.08100613163199988,10.135970333745359,13.69,0.4834523487703069,13.075087870409,1.95515226671022,-0.137530192277192,27.22308339968631
1981-05-01,3.18589614063447,9.79192166462668,16.3,0.3295017662728932,12.3164332350507,3.66909858203291,-0.283153328028664,30.554500141678155
1981-06-01,5.086948956510184,9.696969696969692,14.73,0.3902886055144829,12.6487504680591,2.07968714752311,-0.006966852580786,22.315682667181648
1981-07-01,6.525607374890985,10.774818401937058,14.95,0.3897384424735791,13.2254970614636,2.29049726563936,2.5119517281748,15.479335597856325
1981-08-01,6.0620198374692125,10.817307692307686,15.51,0.2212492150877349,13.8013053931657,2.11369239972653,3.2985701261316,7.7566449458664755
1981-09-01,3.810567299470158,10.96543504171632,14.7,0.3724625337159788,14.3184471573491,-0.161660186632596,5.04710187349105,4.966010019543776
1981-10-01,1.7235356235290267,10.271546635182993,13.54,0.5241199262284129,14.0000730636122,-0.709416324071704,1.04237437306312,-6.515101559282277
1981-11-01,-1.114643115895797,9.579439252336464,10.86,0.2318862931274923,12.7135534296452,-2.56182903285283,0.711329032018008,-8.004816602847919
1981-12-01,-2.821256076341483,8.912037037037024,10.85,0.5469936597005473,13.212060233995,-2.00557525070246,3.67830463825694,-9.387781809049578
1982-01-01,-4.215109146476726,8.25688073394495,12.28,0.7104733706945331,13.407727497254,-0.808803223113053,2.18365218697415,-7.2586605499393
1982-02-01,-1.8508590035716255,7.613636363636367,13.48,0.4966754021874701,13.0185067936534,-0.602960029545412,3.13562948258892,-11.799442222038358
1982-03-01,-3.0067343632947607,6.884875846501148,12.68,0.9117387141845265,12.7059277391218,0.919697934550138,1.76044627643629,-10.82594615572373
1982-04-01,-3.4873370357241362,6.621773288439958,12.7,0.8227454828697733,12.925273735209,-0.536854180626801,2.31757584617047,-16.775782557415898
1982-05-01,-4.676824623482611,6.911928651059096,12.09,0.7397587272398601,12.9695098277375,-1.70012229443881,2.83432342918007,-13.479726065876395
1982-06-01,-5.420420566664397,7.182320441988943,12.47,0.7152350063320235,13.3233950642853,-0.559441712521641,3.51790812234331,-11.671108338398184
1982-07-01,-6.346124812734444,6.557377049180335,11.35,0.6773197431381413,12.8587473107621,-2.92132460266457,4.39981408881618,-17.07014648911268
1982-08-01,-7.083435875275413,5.965292841648595,8.68,0.0683557819844395,12.0129605339926,-4.40522080265656,5.66338605521209,-15.295754413932727
1982-09-01,-6.8679933090178285,4.940923737916236,7.92,0.4970272983810397,11.3697945593898,-4.46936404668784,5.5961280780857,-15.411735375221747
1982-10-01,-7.04990963163854,5.032119914346889,7.71,0.2521398299787407,10.7894092350057,-3.26641938385453,1.78423802602847,3.5206101903516807
1982-11-01,-6.251762192385746,4.47761194029852,8.07,0.4980230145253665,10.8911537767543,-2.7991117208374,2.61772080286882,10.73705708922561
1982-12-01,-5.89825786210233,3.825717321997879,7.94,0.6257970939257053,5.88058291201557,2.04962100277915,12.0981749740384,12.350728190333715
1983-01-01,-2.1492728170679487,3.7076271186440746,7.86,0.2433460242021119,8.00106908003893,-0.0057398728201904,9.68419629311947,12.578807457173081
1983-02-01,-4.698137534090307,3.484688489968324,8.11,0.1900464306245575,8.81338245092663,-1.01379573357562,6.60358732729053,23.014535533902468
1983-03-01,-3.2499646171576524,3.5902851108764455,8.35,0.1004294084346475,7.89128948089076,0.716078324783346,7.81403335974873,28.212151464634317
1983-04-01,-1.1347312231672069,4.0000000000000036,8.21,0.0209160472123461,7.06901477047181,0.945178550827221,9.10837083611624,37.02051860239099
1983-05-01,0.1557158821982485,3.44108446298228,8.19,-0.1866018116088226,7.18677888279809,1.36924384095741,9.62261339676026,35.599581944978986
1983-06-01,1.0230078944820864,2.4742268041237248,8.79,-0.0249793600702356,8.66820764364251,0.127788839852804,7.14213413089488,41.03387448042244
1983-07-01,2.8756311239431342,2.358974358974364,9.08,-0.1549393586935663,11.2930457747446,-2.14959904273175,3.64107058653347,51.66138407981211
1983-08-01,5.053650194475434,2.456499488229258,9.34,-0.2231297817996732,9.66568105910595,-0.418093305171347,7.59559072615518,52.6385869212479
1983-09-01,6.841913778755404,2.763561924257929,9.0,-0.1225188802299163,5.39954755711138,3.33480471639214,14.0201713134997,48.12202854887686
1983-10-01,8.727219754420922,2.752293577981657,8.64,-0.1356353366481921,9.84755484429874,-1.40072085525496,7.48129313579402,36.531835513042644
1983-11-01,9.556749154925992,3.1632653061224536,8.76,-0.0161125423912456,8.98479711518141,-0.239413547099938,8.41909037307862,26.37847216771638
1983-12-01,10.897893971164496,3.7871033776867957,9.0,0.0368489487284962,10.224264074505,-1.27739177879646,6.34836199947909,19.645048426630062
1984-01-01,11.03350639069638,4.290091930541351,8.9,-0.0435739765577787,8.37131563772035,0.465186282399668,9.47444389914077,17.942347913245804
1984-02-01,12.243861527179533,4.693877551020398,9.09,-0.1189294549589291,9.79203086779961,-0.66328325392194,7.6277896920133,15.336627540713987
1984-03-01,11.834296031898628,4.892966360856277,9.52,-0.0254159520284208,12.0117627850427,-2.31222044855677,3.5455625923118,7.121175599568241
1984-04-01,11.105630212729945,4.5546558704453455,9.69,0.0423634789316837,12.3425516008812,-2.72926524025882,3.71484070597132,3.6622625319533197
1984-05-01,11.006641479093071,4.3346774193548265,9.83,-0.3575352919064282,13.7299298245581,-4.19454401462945,2.37477698637636,-0.07006511770847323
1984-06-01,10.731382111169108,4.325955734406439,9.87,-0.1076961352901139,13.5283283962184,-4.06232425710499,3.29235464711744,-4.598638492407147
1984-07-01,9.416139485267383,4.308617234468937,10.12,-0.1809479575347973,12.569966772635,-2.62528475449202,2.39048643706277,-7.9608119063289795
1984-08-01,8.253081530273331,4.295704295704317,10.47,0.1151424280846447,12.4220298973619,-1.93440527959582,2.16136876202639,-9.5075218937696
1984-09-01,6.418059415241295,4.2828685258964105,10.37,-0.0826162209191014,11.5960145964869,-1.42688586411377,3.81468789911593,1.2332663996467375
1984-10-01,5.540852011580744,4.265873015873023,9.74,-0.2687812760682848,11.6146831298685,-2.97792098200241,1.67706254325168,-0.6268507752058561
1984-11-01,5.427339687203969,4.154302670623156,8.61,-0.1597377718810626,10.6268183425257,-2.44702158330271,5.65397408748231,-1.6913317341020084
1984-12-01,4.947623132763734,4.043392504930954,8.06,-0.0425891130850041,11.2481364847619,-3.60607025496999,4.49655959138436,0.6299988739230544
1985-01-01,2.860753524779547,3.52595494613126,7.76,-0.1672085718487199,10.8130430276822,-3.10386933122341,4.05758434367457,0.06605349804491567
1985-02-01,2.6974510514389483,3.6062378167641462,8.27,-0.1972998322939803,11.5502788029274,-3.19947899659,4.16814074491112,3.137076179050813
1985-03-01,2.3533808593932504,3.790087463556846,8.52,0.0393811511853596,11.6796599489375,-3.64457620433888,2.81099733353719,15.02967308684504
1985-04-01,1.549824546412082,3.581800580832528,7.95,-0.1041343347652219,11.8837654021405,-4.38305922102509,0.456869989393031,13.961858574188435
1985-05-01,1.1581584762862196,3.5748792270531515,7.48,-0.3057674725623172,10.0760112516931,-3.17986920035687,4.15867260763723,14.604601594049239
1985-06-01,0.7508289866386297,3.6644165863066513,6.95,0.0144175095531975,8.28870142696727,-1.62196525783529,8.83700925642323,18.10796296379653
1985-07-01,-0.048288423263631586,3.458213256484166,7.08,-0.0284343973308787,9.05227062909136,-2.0400237661819,7.79165749354764,23.354314567814114
1985-08-01,0.16321291032459495,3.3524904214559337,7.14,-0.0078183058949039,9.10145701073756,-2.19139362657303,6.72450523095421,27.44702888550199
1985-09-01,0.8137556893935916,3.2473734479465,7.1,0.0853862446480044,10.3894695675242,-3.50035862332793,3.50605901644574,14.527045592631538
1985-10-01,0.5107372573261992,3.2350142721217834,7.16,0.1399126885910178,9.26996606063499,-2.21140163219904,5.33201852571394,10.892104071407305
1985-11-01,0.5193052458631664,3.5137701804368593,7.24,0.1864700373923487,9.35993985835397,-2.29100964627843,3.88308412404261,12.960750714249825
1985-12-01,1.4640547792554415,3.791469194312791,7.1,-0.0429237180928454,9.55305645999443,-2.55007820171389,0.0176429370507522,18.74856433875076
1986-01-01,2.048072585643501,3.9735099337748325,7.07,0.2043525127775085,9.85670937367814,-2.81220388926286,-0.109640567822009,26.00779296941682
1986-02-01,1.0385379666885353,3.19849482596426,7.06,-0.1687763616998621,8.04983892217155,-1.01366327838458,1.26897589607687,21.316229431438426
1986-03-01,0.19881731992792417,2.1535580524344455,6.56,0.5991545357873789,7.30298582855758,-0.909032865841038,1.39215997164375,21.27350526737699
1986-04-01,0.5111019240408021,1.5887850467289688,6.06,0.5366763747938281,7.24050688915771,-1.21951183795196,2.23149774152745,29.48779556250054
1986-05-01,0.5594806675044639,1.679104477611948,6.15,0.0384849702117562,6.53182916377839,-0.373222174277769,6.01876892776552,31.751529226785323
1986-06-01,0.21180129785403068,1.7674418604651132,6.21,0.112965331808835,6.66189597662685,-0.775200606128917,4.22580434938982,28.967129193603935
1986-07-01,1.3474019115288671,1.671309192200554,5.83,0.7308205467498317,8.03637899750497,-2.27296596303902,-1.38396671119417,29.864423788394177
1986-08-01,0.8425639429502585,1.575532900834098,5.53,0.6912357290084101,7.6467368413574,-2.46946568653447,-2.08199112209761,24.73996573542754
1986-09-01,0.7510032834731728,1.757631822386685,5.21,0.3357430448589447,8.20636950504639,-3.02869396556718,-1.73196363506946,30.107632092263636
1986-10-01,1.5268055880974574,1.5668202764977046,5.18,0.5087229455655551,8.17608862042633,-3.06138654832789,0.690748374783374,29.349379691638113
1986-11-01,1.5830682116692474,1.2844036697247763,5.35,0.6241259740396878,8.08379513747939,-2.71037000974717,-1.20445455821378,27.487127032509463
1986-12-01,1.5397510097616474,1.187214611872145,5.53,0.6450284893219955,8.19081179578673,-2.49056452100488,-0.0312038034672953,24.131789617251176
1987-01-01,0.6290980771269439,1.364877161055511,5.43,0.5057838858485724,8.15495409142603,-2.5712904127428,0.0766412478000948,19.949971015780644
1987-02-01,2.6665460466799296,1.9143117593436676,5.59,0.5759703067177049,7.76809927041526,-2.24656252511412,0.0278059981736595,27.05017313966447
1987-03-01,3.536080520673135,2.8414298808432603,5.59,0.4671287997866282,7.97641848386223,-2.38355671815234,-0.116064995388195,28.06686582601976
1987-04-01,4.094595381613808,3.679852805887762,5.64,-0.2347815323529622,8.33530034934816,-3.10530830974194,1.20001573751316,25.8878065243082
1987-05-01,4.534316619288514,3.669724770642202,5.66,0.2011619236185624,8.57892959943349,-3.06495423159707,1.30169831472246,21.580311425956044
1987-06-01,5.513248354213385,3.7477148080438782,5.67,0.1883330769414908,8.67611029498744,-3.06953700069707,0.0948144036011962,21.243249637215868
1987-07-01,5.579863552987407,3.926940639269394,5.69,0.2645119579539983,9.07348929515989,-3.15903781511516,-0.203878316409811,22.865615716766065
1987-08-01,6.55365364783802,4.2883211678832245,6.04,0.2640129279394363,9.33906062488636,-3.21764744191715,0.125035624662265,29.10620091072269
1987-09-01,6.666461470496121,4.2727272727272725,6.4,0.2547250543413144,9.87251565534488,-3.41212053374591,0.182739628074332,34.43135291559138
1987-10-01,7.651380612824421,4.355716878402904,6.13,-0.6210894108445433,9.21878520973214,-4.01495205619356,0.682057902994129,33.73996947284632
1987-11-01,7.752121741066786,4.528985507246386,5.69,0.2631253134810247,9.29433778493144,-3.97875684690422,0.492356590028413,18.03535148287263
1987-12-01,7.332242225859242,4.332129963898912,5.77,0.0052899386207792,9.05167946344351,-3.44767862920467,0.507885445326508,-0.034326704822162935
1988-01-01,7.7094776540502785,4.129263913824044,5.81,-0.1255534696986666,8.64345175937972,-2.73795645890531,0.0205811495296285,-3.0769817504093577
1988-02-01,6.832640746654262,3.9355992844364973,5.66,0.2164798589872214,8.5785536936301,-2.81649170104951,-0.0584904798089619,-5.305809979960586
1988-03-01,6.926007725676864,3.832442067736186,5.7,-0.050316595957891,9.09068651236445,-3.15927022235867,-0.189218899295431,-8.117991680683378
1988-04-01,6.8519496323131035,3.9929015084294583,5.91,0.0166098270712353,9.20469315348683,-3.18686992250422,-0.100179012927913,-9.140714531159844
1988-05-01,5.986814897705983,3.9823008849557473,6.26,0.0885558407018132,9.38201407447304,-2.92444157980295,-0.138396501654128,-9.23068955111992
1988-06-01,5.7196385086146995,3.96475770925111,6.46,0.1866133059557257,8.9884602519798,-2.40389857751157,0.20351547170908,-11.41124819403706
1988-07-01,5.021107259901703,4.130052724077338,6.73,-0.0902867588579359,9.19931004776941,-2.21594638990614,-0.0651990695833851,-10.18678919264091
1988-08-01,4.764444383861344,4.111986001749779,7.06,0.0722980812306481,9.233784513601,-1.7753400600493,0.192639487559836,-13.234265858928207
1988-09-01,4.024021577324111,4.184829991281602,7.24,0.2618528734332312,8.82978576501416,-1.41543556323134,0.179043877413817,-19.927117593450518
1988-10-01,3.1004064761515515,4.260869565217407,7.35,0.3803455567371603,8.59020867894148,-1.13968371854807,-0.0591239121239518,-15.907487175626523
1988-11-01,2.8508954671661924,4.246100519930662,7.76,0.2869733375302365,8.89007874835225,-0.900997162719923,0.62434511004858,-0.9881266337988137
1988-12-01,2.7591590755400075,4.4117647058823595,8.07,0.4202742008872637,8.86473771282638,-0.71972620814143,1.53599403881631,10.618320135773551
1989-01-01,3.08412330524912,4.482758620689653,8.27,0.4189399446472763,8.67091909633015,-0.299174297695624,1.40234793783686,14.757409018544742
1989-02-01,2.1222053780131978,4.647160068846801,8.53,0.310161549515807,8.93373177397445,-0.234155760970559,1.86849638203833,13.94833812298728
1989-03-01,2.1397617805398728,4.892703862660941,8.82,0.534755358899142,8.74284905507367,0.113053831918338,2.75393730297591,13.901263400283392
1989-04-01,1.518463733588149,5.034129692832767,8.65,0.636487154771223,8.67432294470034,-0.0782454429299326,1.47978062745547,10.151296149964907
1989-05-01,1.1469754997114556,5.276595744680845,8.43,0.4601434500969472,8.37345862828663,0.348505460969257,0.568190752401305,15.092596703390825
1989-06-01,0.8530367158903873,5.1694915254237195,8.15,0.7291662662094824,8.30281661807025,-0.0577472654476395,-1.08270154276487,22.569626797998453
1989-07-01,-0.12603208178517677,5.063291139240511,7.88,0.9553023890498524,8.35442832216303,-0.368902113957796,-2.46552588117973,19.59674335949981
1989-08-01,0.34122088115655647,4.621848739495804,7.9,0.6739059976624981,8.06026353993068,-0.0461427681345539,0.732229467711785,23.370050473877168
1989-09-01,0.325531456618644,4.435146443514637,7.75,0.7041428627351523,8.12533803747325,0.0220850416279436,0.671472242833104,31.426990450142366
1989-10-01,-0.24204225180516348,4.587155963302747,7.64,0.5650351593892677,7.99435103499468,-0.0581139741984664,-0.63401873693728,29.61506876163684
1989-11-01,-0.15491113674959145,4.655029093931851,7.69,0.6764876870898914,8.08072711127791,-0.349316292339504,-0.796843159869916,25.235269587193198
1989-12-01,-0.05613057132211052,4.639602319801162,7.63,0.5601283081058951,8.47008250078134,-0.680716509666027,-0.736132929325217,25.530832670073835
1990-01-01,-0.8602596700810095,5.198019801980203,7.64,0.2950822516412164,8.39612955751665,-0.504876506099354,-0.0320397236855019,26.05909410814986
1990-02-01,0.4900868070699005,5.263157894736836,7.74,0.4336764380732071,8.5003681061839,-0.65540848813351,0.357238786387904,19.115404881945565
1990-03-01,0.7212468094980329,5.237315875613735,7.9,0.4623489092434446,8.5318131954917,-0.671318173771953,0.787267105659367,12.394630290352593
1990-04-01,0.5114244452181005,4.711616571892785,7.77,0.2153389427866332,8.86777604456746,-1.09857685820784,1.34809783523354,15.630255620430876
1990-05-01,1.3819641201527455,4.365400161681476,7.74,0.1074112327674059,8.56166099917341,-0.733105665085799,0.506868855361588,11.886479244457737
1990-06-01,1.7224415032865092,4.673650282030639,7.73,0.1554958704060622,8.47476127765249,-0.70744879333243,0.045885955035591,11.56945873937012
1990-07-01,2.5400259911158907,4.819277108433728,7.62,0.0784856783099183,8.97050042040337,-1.43035636889971,0.0038475926591121,11.324003345682666
1990-08-01,1.9145828909683082,5.702811244979911,7.45,-0.2099353290457351,9.44285503949826,-1.91982341343366,-0.406794049600152,8.467070421143141
1990-09-01,2.2966988105829422,6.169871794871806,7.36,0.0062067330995465,9.36920137786089,-2.02526221183656,0.0064693228024882,-4.576153704487451
1990-10-01,1.783896890596881,6.379585326953752,7.17,0.2063942907822396,9.41523857659825,-2.21327990132363,-1.08748888061683,-9.190886042178882
1990-11-01,0.17835928928935374,6.195393169181873,7.06,0.3160524730619634,8.95724699977254,-1.81727312389847,-1.09666625062906,-11.592631965292899
1990-12-01,-1.0806361809775122,6.254948535233562,6.74,0.4034396143281349,8.80786735761113,-2.30150391029187,-0.022349857072986,-7.327071259750017
1991-01-01,-0.8936798390759781,5.647058823529405,6.22,0.4359441563519524,8.71453947800773,-2.53304225205677,0.11515785279954,-5.686772761912007
1991-02-01,-2.505352768329616,5.312500000000009,5.94,0.3534115547384988,8.64953208251443,-2.69422427816833,0.0002611794561313,-4.2610481280720425
1991-03-01,-3.519457083069366,4.821150855365497,5.91,0.289168377837554,8.52488325859555,-2.81096081938822,-1.24855240720473,9.62634865094647
1991-04-01,-3.037057586870995,4.809930178432875,5.65,0.2437971380348804,8.61637716160872,-3.23903719463327,-0.106324123159325,9.990397464832345
1991-05-01,-2.366685106015598,5.034856700232382,5.46,0.2239323714313785,8.71338688684764,-3.27042975800691,0.994460609692672,12.271832549988492
1991-06-01,-1.901071005719146,4.695919938414161,5.57,0.1292638260930847,8.58582433743036,-3.15764954413001,2.35336319262429,7.920705387547611
1991-07-01,-1.4791770750698041,4.367816091954024,5.58,0.2370563663480187,8.11266527057305,-2.68517649339815,3.80328779102044,4.968644653422016
1991-08-01,-1.813248595253214,3.7993920972644313,5.33,0.1641110146457052,8.71777907561066,-3.37476346464181,-2.50165179195836,5.609480387828292
1991-09-01,-1.032816077334009,3.396226415094339,5.22,0.1989517790141304,8.3458089774847,-3.24378878524378,-2.5299602647385,17.734626266461273
1991-10-01,-0.5175503151697458,2.8485757121439192,4.99,0.1849446125242722,8.74840270612528,-3.97502406515478,-3.00737267751011,22.761604271720493
1991-11-01,0.6013566164618123,3.0665669409125185,4.56,0.1975606837504318,9.08630051151282,-4.82033034084507,-2.92297492779697,25.969475190044335
1991-12-01,0.8433139349919072,2.980625931445613,4.07,0.2207828525910311,8.03870955566841,-4.21601996398058,-3.93577232200946,22.401069668279263
1992-01-01,0.6493368318189807,2.672605790645899,3.8,0.0884676958840651,8.67299271882907,-4.94599760064196,-3.6290549055034,18.178270451858538
1992-02-01,2.1066012444725946,2.8189910979228294,3.84,0.1255302772109472,8.38599368110113,-4.50496557876209,-4.04054319933825,27.832131909438253
1992-03-01,3.551998195894668,3.189910979228472,4.04,0.0683158244178272,8.55259214743265,-4.73293509823405,-3.10602089833861,13.882900306206182
1992-04-01,4.077346202316012,3.1828275351591495,3.75,0.0630376818525928,8.73774387901011,-5.22755588167706,-3.7769299137042,9.42452990628766
1992-05-01,3.3877488860613925,3.0235988200590036,3.63,0.0268444737454258,8.4958400842851,-4.79875729595886,-4.43317840558891,7.303151946667086
1992-06-01,2.6193489070208242,3.0147058823529305,3.66,0.0053701667779084,8.59777853556101,-5.04432905323342,-4.27600127471948,9.741529801649996
1992-07-01,3.2691217212384327,3.1571218795888534,3.21,-0.0619032567388344,8.154394922712,-4.98437272451158,-4.3187273105244,7.9254831626764055
1992-08-01,2.6819035894777743,3.0746705710102518,3.13,0.0849462859319709,8.59311101886144,-5.50058891687235,-4.79264473341061,9.158887405040073
1992-09-01,2.1628560045239498,2.9927007299270114,2.91,0.1845279506553359,8.46944823580254,-5.74265996233596,-5.11965490944387,7.325046544215863
1992-10-01,2.9681984481164436,3.279883381924198,2.86,0.1008702093039,8.49606986795647,-5.62688418317557,-3.18939513356732,8.078193037426207
1992-11-01,3.502350305885993,3.1204644412191396,3.13,0.0751817568777368,8.03366586446034,-4.8678640226636,-3.78706465934907,6.621954664222285
1992-12-01,4.135199673843393,2.966714905933454,3.22,0.1099280495888566,7.88426854207493,-4.78833954224247,-4.32391346378888,9.56792752420057
1993-01-01,5.099707593779779,3.2537960954446943,3.0,0.0685909718724266,8.00952002603709,-5.18038663613924,-3.26138282451988,12.130707515002005
1993-02-01,4.8427334776900866,3.2467532467532534,2.93,0.0570503614100343,7.75428200087616,-4.80806356947038,-4.04220217136417,4.603497571557691
1993-03-01,3.879966052298678,3.0194104960460155,2.95,0.02491799214052,7.69195079662165,-4.81974160263608,-3.682302554045,7.065199526727128
1993-04-01,3.3844897284653674,3.1563845050215145,2.87,0.0502486035502687,7.83767930233182,-4.88224425592549,-4.54522913591268,10.504269936511035
1993-05-01,2.652215300645122,3.2211882605583497,2.96,0.021517284617484,7.63882637549482,-4.67090952600158,3.16837731822989,8.755486385874267
1993-06-01,2.8203236795116826,2.9978586723768963,3.07,-0.0570068363282318,7.41615836469489,-4.47238981325065,-1.62370208947356,7.336290320492234
1993-07-01,2.163449470354939,2.8469750889679624,3.04,-0.0614804834655937,7.09812593683852,-4.17248935656498,-1.209884850896,9.744667404865769
1993-08-01,2.6150111134423115,2.840909090909083,3.02,-0.0642885568374826,7.22300871521853,-4.28190901538897,-1.67547249954883,7.766466269817851
1993-09-01,2.823437281323171,2.7639971651311157,2.95,0.0246705763523014,6.92026809352181,-4.05354495700818,0.112740181434278,8.661936954160554
1993-10-01,2.8768573847148593,2.752293577981657,3.02,-0.0467654005227182,6.78452979031017,-3.83075907810925,0.062297770921545,9.739621927863462
1993-11-01,2.963443550344458,2.7445460942997935,3.1,-0.1341761361886351,7.24978305959641,-4.24903382950806,-0.100918200318085,12.459861401355198
1993-12-01,3.4076573637340957,2.8109627547435068,3.06,-0.1703256268296296,7.06117316246668,-4.10163169654184,-0.0111299202723502,9.470745332099995
1994-01-01,3.3215939194374933,2.450980392156854,2.98,-0.2482366187342397,6.8881469049466,-4.02285292202944,-0.136319807629801,6.956648281934341
1994-02-01,2.892082120470052,2.515723270440251,3.25,-0.4328402363096011,7.15540106933942,-3.9195986992322,-0.0814888213789092,8.676778928596708
1994-03-01,4.025157232704402,2.6517794836008246,3.5,-0.3108301434541693,7.58878827382146,-4.1681591338182,-0.294384936151513,6.763882662349907
1994-04-01,4.328239147509039,2.364394993045882,3.68,-0.2644549018441482,7.53310988596614,-3.89128858875071,0.320321615631832,3.0328673200318956
1994-05-01,5.224007258094376,2.288488210818307,4.14,-0.2666862787380493,7.54821128496333,-3.58144150204915,-0.261237677623536,0.9376430075300757
1994-06-01,5.692068237695791,2.494802494802495,4.14,-0.3143713626140614,7.70139312382058,-3.7659645274078,0.0379785928766164,1.2694259394252505
1994-07-01,5.552074791384487,2.69896193771626,4.33,-0.2996928978118529,7.45756582688226,-3.35556013286794,-0.321616790841099,1.5101484722187974
1994-08-01,6.373617589093827,2.900552486187835,4.48,-0.2720518186736349,7.5621255352489,-3.15915145427176,0.0921124756885687,0.9199504759979993
1994-09-01,6.137957613147349,2.965517241379323,4.62,-0.3904194007345845,7.90518937098721,-3.34007891084456,0.0632969236018193,2.2274168230479896
1994-10-01,6.222540693667233,2.609890109890123,4.95,-0.3140725541361018,8.07011177290699,-3.25855499344423,0.0668505973603606,1.681678076511517
1994-11-01,6.435380995770501,2.602739726027403,5.29,-0.2562993254373731,7.83947236731275,-2.68490081836779,2.03486851132901,-0.018578886417541796
1994-12-01,6.882641578601034,2.597402597402576,5.6,-0.1989895006027355,7.53408416601737,-2.34170373634146,3.57940938661939,-0.40511428108916947
1995-01-01,6.745322155028588,2.8708133971291794,5.71,-0.2489558622399474,7.57391848185314,-1.95441129165342,1.37841752109671,-2.309023987478509
1995-02-01,6.561607501032829,2.862985685071595,5.77,-0.2842169741511369,7.32987172307753,-1.68293228268907,0.187157924786695,-1.6369924644346834
1995-03-01,5.63977404746665,2.7872195785180187,5.73,-0.2914950842142196,7.31697631605613,-1.63097951293373,0.212422905161402,2.193633703401865
1995-04-01,4.839923921322509,3.125000000000022,5.65,-0.2384030458614832,7.2011513646731,-1.47497633347941,0.0254543848607297,6.32702133375409
1995-05-01,4.851157177609866,3.1186440677966054,5.67,-0.3279001832395525,8.12981758166823,-2.42154789181416,-2.12159146307084,13.566486531260535
1995-06-01,4.501504677171719,3.0425963488843744,5.47,-0.1438850292900935,7.39757926498955,-1.83472371025649,-0.923478964993559,16.17105753296166
1995-07-01,3.943534108383906,2.8301886792452713,5.42,-0.3154724546327265,7.17764791551653,-1.73063549903614,0.0434171442237606,18.584731982596516
1995-08-01,4.602329056555776,2.6174496644295386,5.4,-0.2068962221004655,6.84687492613877,-1.4397075839629,0.0300301424894182,23.474803662597488
1995-09-01,4.694985857695122,2.54521098459477,5.28,-0.1661098196816017,6.47446695467912,-1.02607919489108,-0.0023181327990559,20.43476065478991
1995-10-01,3.678486186739849,2.7443105756358666,5.28,-0.1296082754791832,7.05834582045215,-1.64495955634264,-0.797260202496506,23.943776447401376
1995-11-01,3.2385106059767077,2.603471295060067,5.36,-0.0458384415509367,6.47498579393388,-1.0476991278591,-1.81343453925107,25.67935033902664
1995-12-01,2.566582280616192,2.5316455696202667,5.14,-0.0581588676549278,6.89492637742419,-1.84971330498946,-1.32162990352954,29.178458555159125
1996-01-01,1.8384818494813215,2.7906976744185963,5.0,-0.1077134146149729,6.45546539934501,-1.45297263966392,-2.29054471472182,35.01515910095387
1996-02-01,3.439368229424211,2.717031146454607,4.83,-0.3116254097876607,7.34456948805231,-2.40057244360551,-0.0860805665111637,32.06233317673477
1996-03-01,3.129650956457586,2.8439153439153486,4.96,-0.3337175822996234,6.7207760160954,-1.68885162272765,-0.062665853789103,34.78079754345189
1996-04-01,4.362000666083032,2.832674571805005,4.95,-0.2852414680772395,6.90162694542051,-1.98867348677922,0.100412062810043,31.211753290015466
1996-05-01,4.629225614088073,2.827087442472065,5.02,-0.3167017410109858,7.04822372042174,-2.15228247788625,0.0016702613912207,27.419861401070623
1996-06-01,5.066557016015505,2.8215223097112663,5.09,-0.2701731090720058,6.85819309469422,-1.86083811261787,-0.0519939287816909,26.233912993503306
1996-07-01,5.4999657083191655,2.8833551769331667,5.15,-0.3238465420481922,6.89492178420884,-1.79844208060685,0.0269301855291719,23.944364621078094
1996-08-01,4.665377176015473,2.8122956180510084,5.05,-0.3930362396372282,7.08682895954342,-2.13052403945559,0.202821202949683,15.556004268226008
1996-09-01,4.913700917009467,3.0045721750489918,5.09,-0.38842816927834,6.84183659454151,-1.93534642720469,0.0245336819931281,18.52449020945386
1996-10-01,5.06804259002962,3.0618892508143203,4.99,-0.3350646902043348,6.64808649946772,-1.57304542998791,0.0528125540536293,16.6077634735297
1996-11-01,5.743160546661197,3.2530904359141077,5.03,-0.2840772074951456,6.35143722494841,-1.2433064953532,0.061139475374652,20.335181709861992
1996-12-01,6.038192502932804,3.378817413905133,4.91,-0.4001572231459178,6.58274989785517,-1.5503295442515,-0.0413302112111772,23.531319254548432
1997-01-01,6.7880297465372275,3.0381383322559907,5.03,-0.3424822708449306,6.67927841453825,-1.65704784854689,-0.0939203020807389,20.93786428411375
1997-02-01,6.4988749152961045,3.0322580645161246,5.01,-0.4619307662319365,6.698567819732,-1.65331747496304,-0.0502595326183002,24.705707810512646
1997-03-01,7.353625262172825,2.7652733118971096,5.14,-0.4877574447487292,7.02660506492351,-1.87410408735522,0.37643767121326,22.91494790283892
1997-04-01,6.363577607100912,2.434336963484962,5.16,-0.4462405293396527,6.82865458250799,-1.76136794054137,0.389299107992993,22.421017181789793
1997-05-01,6.184095329114014,2.237851662404089,5.05,-0.4433617811782122,6.74157636028268,-1.86375231713903,0.564371194635503,18.040826545002965
1997-06-01,5.8729415385676775,2.233567326100827,4.93,-0.5460131646950257,6.6366766891951,-1.5923483484564,0.131207832642206,25.991085939515735
1997-07-01,6.772236034568313,2.165605095541401,5.05,-0.5183699012988843,6.19609171741442,-0.951012972255491,0.0173442262929596,31.08264937149856
1997-08-01,7.298882740559254,2.2900763358778775,5.14,-0.5121587106778283,6.48830647846143,-1.32988130728904,-0.0881494008870128,43.66356022601852
1997-09-01,7.618482914952551,2.21940393151554,4.95,-0.5643483478316365,6.20002237007481,-1.24512309658092,0.230555387583124,39.99706069593205
1997-10-01,8.588900711499559,2.0859671302149163,4.97,-0.444196052610589,5.9589644610464,-0.790525397378459,0.0328408531002021,38.841964880127456
1997-11-01,8.502602930523938,1.8903591682419618,5.14,-0.3365651690226567,5.86552512951089,-0.65864902444841,0.525538806323777,35.5979606730634
1997-12-01,8.283886777187433,1.6970458830924073,5.16,-0.4048346607244923,5.75079705562018,-0.498729257534734,0.192090000887098,27.628550596991673
1998-01-01,8.581439692029026,1.6311166875784044,5.04,-0.3655928372751058,6.35295035153184,-1.11997883058488,-0.963164924727596,29.480887750170503
1998-02-01,7.497902443876026,1.440200375704448,5.09,-0.3385326384586737,5.71656964998218,-0.412271776061502,0.0166824825418475,25.729295180895285
1998-03-01,6.8608048490623075,1.3767209011263937,5.03,-0.387821877979962,5.72036299537919,-0.546640562460472,0.128270791681636,28.226747561306674
1998-04-01,7.132205123530877,1.4383989993745905,4.95,-0.4163918718082373,5.69922523647543,-0.733118179313251,0.520903896636093,35.93640742164737
1998-05-01,7.229003626586228,1.6885553470919357,5.0,-0.3789460577409205,5.58782953112496,-0.547907331726205,0.524838309856354,45.58910321415226
1998-06-01,6.110033481695321,1.6229712858926382,4.98,-0.3422572470523255,5.45585476925958,-0.389816802440745,0.568591889027886,33.04866158657873
1998-07-01,4.802186878727643,1.74563591022443,4.96,-0.3042837785595991,5.51535206476812,-0.482646131551046,0.475831272618326,26.48716177135182
1998-08-01,5.903093021939765,1.6169154228855787,4.9,0.0912493711404538,5.70752197725061,-0.699471529565661,-1.50734445680817,24.995578683471177
1998-09-01,4.822765060094114,1.4267990074441794,4.61,0.0759496803526071,6.08920240490715,-1.58003241642405,-2.77185579320002,15.832608135965721
1998-10-01,4.628729050802449,1.4860681114551078,3.96,0.2012588614942565,7.23756322455669,-2.84308428516266,-3.79160929196845,8.923537540086834
1998-11-01,3.690785680811093,1.4842300556586308,4.41,0.1858892906557254,5.75918769560619,-1.20703644459169,-1.29388018226373,8.548560198184552
1998-12-01,3.674032555685791,1.606922126081578,4.39,0.0481835497565159,5.63968660465278,-1.09659003870229,-0.95240258486105,21.88780580192724
1999-01-01,3.638184721548954,1.6666666666666607,4.34,0.0445648091510144,5.40194085551414,-0.863956254834461,-0.710283246281369,23.658938036876
1999-02-01,4.058843624562303,1.6666666666666607,4.44,-0.1758175432562687,5.47993845428507,-0.945461625688328,0.219600853550077,29.627141264987067
1999-03-01,4.24310186195187,1.7283950617283939,4.44,-0.1653106457577999,5.62007890835865,-1.12168444464521,-0.0763109546997558,21.767200762064753
1999-04-01,4.122831791062587,2.281134401972884,4.29,-0.2073322021776176,5.56420891644631,-1.09885348148066,0.0847594444395504,19.022186830935105
1999-05-01,4.075300614317978,2.091020910209096,4.5,-0.201494689578948,5.85158699262376,-1.42167339705724,0.818242187141181,20.010899721102437
1999-06-01,4.623120443925366,1.9656019656019597,4.57,-0.1416011293706767,5.9879115650394,-1.50136045917581,0.415022087460749,20.178056930225075
1999-07-01,5.665672335461114,2.1446078431372584,4.55,-0.090824604510562,6.18645855331263,-1.6665900341277,0.362272404273956,19.32201597835226
1999-08-01,3.980967559819071,2.2643818849449104,4.72,-0.0372764294121645,6.26292780528377,-1.52174007226524,0.299014869671983,19.403176689939162
1999-09-01,3.6532568943362653,2.629969418960254,4.68,0.0944665564072448,6.1818501485534,-1.57466328575471,0.304317687305615,23.530929093483888
1999-10-01,4.258245406580152,2.56253813300793,4.86,0.1079759195193406,6.24077835171454,-1.42903057635524,0.480078928945285,29.15150336202892
1999-11-01,4.914612409462804,2.6203534430225606,5.07,0.0729729590300811,6.35160884419832,-1.16305257402821,0.343072802804069,25.91261709772963
1999-12-01,5.33243994989685,2.676399026763998,5.2,-0.1555556391407595,6.55679378681857,-1.37412863122019,0.760954715908887,21.545102261703807
2000-01-01,4.812003526402742,2.792956891317555,5.32,0.0272658226456321,6.55838513966064,-1.25505943949271,1.73754336838089,20.052351470213424
2000-02-01,4.569993593733246,3.2179720704310855,5.55,0.1178995329616996,6.37889849365803,-0.815087279009506,1.66984518290042,14.158740071541143
2000-03-01,4.746344132128755,3.762135922330101,5.69,0.384583625870539,5.90626259592584,-0.264703879679369,2.02239984528068,11.414601818346725
2000-04-01,5.184684158142794,3.013863773357439,5.66,0.541916239125416,6.02131131634574,-0.569214378277568,2.76680494499071,12.526582287664656
2000-05-01,4.83016262968754,3.1325301204819134,5.79,0.721654897683194,5.96303532890523,-0.561587773754961,3.22372934934587,9.484769683386428
2000-06-01,4.9796942970208535,3.7349397590361377,5.69,0.75922431373044,5.87671463728043,-0.0859757817165,1.74291327523365,6.486541717282068
2000-07-01,4.176563981441461,3.5992801439711952,5.96,0.8406606891847073,5.88201035438223,0.286504587236428,0.943529049365441,10.540702975465098
2000-08-01,3.4471509837830983,3.3512866546977715,6.09,0.9897252765233482,5.70055793657729,0.60387952300161,0.528107594592759,6.662792225420566
2000-09-01,4.295902557998388,3.45649582836709,6.0,1.101341641045413,7.22935136086306,-0.909711891172201,-3.17899110167203,11.899883580383497
2000-10-01,2.6113096200664154,3.4503271861986873,6.11,1.4970504780624156,6.32021560754799,0.118449521901533,-2.13691794210016,11.370451712690421
2000-11-01,2.0919294294707846,3.444180522565321,6.17,1.5787717115071405,6.02176121352804,0.299789949217427,-2.45941503323931,6.9333376253948975
2000-12-01,0.9326437329357784,3.4360189573459543,5.77,1.574460222202768,5.74780462742344,0.188823596884001,-2.69727976358011,-1.1477506935084758
2001-01-01,0.5088318197081554,3.7212049616065945,5.15,1.1221487391625635,5.61800744280539,-0.645243459370675,-2.13901782059815,-6.842282020755997
2001-02-01,-0.48421715864160886,3.529411764705892,4.88,1.1474444005668958,5.5470823028225,-0.656315324803879,-2.48860056093141,-6.30943905952821
2001-03-01,-1.1300496344468058,2.9824561403508643,4.42,1.0827714918394302,5.67416354545837,-1.27934269932008,-2.5087464015508,-5.984912175407697
2001-04-01,-2.1087827646255386,3.2182562902282053,3.87,0.9052997294816594,6.26026866813979,-2.48735761813478,-1.21421095560122,-17.775644871485774
2001-05-01,-2.8835476706951746,3.5630841121495394,3.62,0.7685396850828745,5.95313805935746,-2.46722254656971,-2.19985313411063,-18.579893969684115
2001-06-01,-3.4834787694768887,3.193960511033689,3.49,1.0027100097613073,6.06233765485401,-2.57385462645563,-1.60436422346803,-10.441526084678255
2001-07-01,-3.8987223977821284,2.7214823393167498,3.51,0.7684101659628766,5.69191027349982,-2.10962177946034,-3.18576132595583,-15.270510967077279
2001-08-01,-3.741581818888695,2.7214823393167498,3.36,0.74187279186097,5.54142759718471,-2.08700709963726,-3.27676808680797,-18.231671432072183
2001-09-01,-4.622584986010903,2.5921658986175045,2.64,1.210786365197738,5.75123457173284,-3.30445896200972,-4.00091343762105,-20.663948534440358
2001-10-01,-4.586698444978399,2.127659574468077,2.16,1.0264685404519636,5.25936185080025,-3.05312374226973,-5.09750200501637,-28.841582710104717
2001-11-01,-5.163292748468096,1.894374282433997,1.87,-0.0705260657229138,5.83730605605722,-4.14147280410965,-4.08642300858911,-22.555478696575882
2001-12-01,-4.8854361698786875,1.603665521191311,1.69,0.4120232664682954,6.17816012771124,-4.72853437395039,-3.77824512039881,-17.84345902100073
2002-01-01,-3.7259645468564195,1.1958997722095743,1.65,0.5657026655730575,6.03537209691717,-4.48888603926754,-3.31814548679351,-13.975157026989082
2002-02-01,-3.0949212139136706,1.1363636363636465,1.72,0.7670580184612752,5.9002134130063,-4.29582819637759,-3.55818046204709,-14.632054262957617
2002-03-01,-2.11943426107547,1.3628620102214661,1.79,0.2862365208851591,6.28990891796326,-4.84010305392749,-1.78314692526885,-15.706099434680453
2002-04-01,-1.2962736403785646,1.643990929705219,1.71,0.4044229306599676,6.06365089657054,-4.57936567814164,-3.07859534650069,-2.703462092158626
2002-05-01,-0.3586397614829595,1.2408347433727984,1.73,0.4964959298597482,6.05192365547413,-4.62234929520672,-2.09630948210709,-6.538917447840332
2002-06-01,1.0128364656775135,1.0692177827799743,1.7,0.9368333751969118,5.80087636321543,-4.20202251608005,-4.00217416342681,-15.042984518817192
2002-07-01,1.5909039965929184,1.465614430665152,1.68,1.5325949066785172,5.91013902633681,-4.13332661740344,-5.53526300090912,-18.136801577326178
2002-08-01,1.5874102180347016,1.747463359639223,1.62,1.4296095027320497,5.70137139642678,-3.99772423548895,-4.76881008547055,-24.979383380300835
2002-09-01,2.2219991676807327,1.516002245929271,1.63,1.6039809707093755,5.56005490089999,-3.95580674126143,-5.41516245049934,-22.566887342614805
2002-10-01,2.275642983688675,2.0270270270270174,1.58,1.410718273798592,6.06055604166189,-4.60292649049793,-5.80190164679909,-16.927488169867978
2002-11-01,3.4378577427188306,2.2535211267605604,1.23,1.0268191822765234,5.7632891746892,-4.61908103757237,-3.89100588539103,-20.61685878466427
2002-12-01,2.9084276775386275,2.4802705749718212,1.19,0.8795644174670989,5.87392246681445,-4.68089165236707,-5.29001671141849,-19.45291400764497
2003-01-01,3.016961222609682,2.757456387169399,1.17,0.8328156715976842,5.67177357551595,-4.46277185444769,-5.11797252947086,-21.464319590995096
2003-02-01,3.1470811983347335,3.146067415730336,1.17,0.6268300722004096,5.37293983773222,-4.01582236064233,-5.64006794314537,-21.43218731609624
2003-03-01,2.112927331726566,3.025210084033625,1.13,0.1268815822065394,5.58426891094137,-4.36092374785212,-5.72641585632315,-23.89910158260551
2003-04-01,0.9769611806166534,2.175125488008911,1.13,0.0296894302109635,5.62294883317254,-4.39981155092621,-5.77473271373896,-26.62263593877141
2003-05-01,0.5262748237596648,1.8941504178273005,1.07,-0.5005092976193528,5.62721566706859,-4.42528961432486,-5.56600429161782,-19.964202464480785
2003-06-01,-0.17104687081275216,1.948775055679297,0.92,-0.4086205266978653,5.80777964469663,-4.89036606813244,-5.16445218599755,-13.277936662361277
2003-07-01,0.3796106811700506,2.055555555555544,0.9,-1.0526850698248218,6.32412369114385,-5.34719671345201,-5.51026507701431,-2.5691848669194606
2003-08-01,0.2631767856649869,2.216066481994461,0.95,-0.2140223855513889,6.15598311717681,-5.23665744192724,-4.42531028811335,9.844719380602207
2003-09-01,0.8217294934470321,2.378318584070782,0.94,-0.5570336710984667,5.7037601231818,-4.67406504520878,-5.68074339766248,8.435641237328362
2003-10-01,1.212776854147113,2.041942604856528,0.92,-0.5336021372899911,5.93051605636267,-4.98983222601776,-4.57228001081234,17.47266617052501
2003-11-01,1.3509573865355229,1.9283746556473913,0.93,-0.5542327583008442,6.1465473854016,-5.34133839777282,-2.58341767144451,21.54180798359149
2003-12-01,1.972806425560636,2.0352035203520247,0.9,-0.5323819302816442,5.83691484990753,-4.97355612711059,-4.36019202686411,15.382765791182983
2004-01-01,1.3073939354038888,2.026286966046009,0.88,-0.7201026441199456,5.65114970141832,-4.78367499818756,-4.1110300920098,20.18034577208523
2004-02-01,1.794078259554488,1.688453159041381,0.93,-0.3468327853503528,5.54083288290766,-4.55932314780012,-4.76933249068579,26.420154819182827
2004-03-01,1.6774736583012873,1.7400761283306032,0.94,-0.5310748290958172,5.68630635210125,-4.76016110213734,-4.55960768608044,36.50077063655344
2004-04-01,2.7441691244203925,2.2925764192139875,0.94,-0.7436389108211936,6.07263619614787,-5.34903814485378,0.0063817073541265,32.76043006308551
2004-05-01,3.513543707200628,2.8977583378895444,1.02,-0.3674812014136803,6.03622894142319,-5.15137734810541,-0.0704919352359364,27.30852106138788
2004-06-01,2.585344082861818,3.1676679410158393,1.27,-0.3857715473631884,5.8156067455756,-4.66324759221402,-0.0589005155279786,17.823212416645838
2004-07-01,2.8151568970519847,2.939575394665228,1.33,-0.3261378834595463,5.74712924275257,-4.44381512386656,0.0467954013734233,14.652086430739764
2004-08-01,3.135952979430723,2.5474254742547275,1.48,-0.4367071903416748,6.13420663965411,-4.69547331411957,-0.686669668610409,11.41572554550605
2004-09-01,2.581336333165174,2.5391680172879516,1.65,-0.5575014143903216,5.67884437103093,-4.00312411821926,-0.0977152531372216,10.045465059634084
2004-10-01,3.351457095862864,3.1909140075716547,1.76,-0.5465404107580776,6.49295205163625,-4.63599394151744,-0.592490136780248,9.634124624438979
2004-11-01,2.901988027331992,3.621621621621607,2.07,-0.6857748904466514,5.59158730762602,-3.46178999165643,0.0054275203204678,7.637540355042094
2004-12-01,3.656633995933678,3.3423180592991875,2.19,-0.7333963983328575,5.20653545304183,-2.93377213979031,-0.0897658302709799,11.338108069868479
2005-01-01,3.8516360327964794,2.8448738593666034,2.33,-0.7173371962980946,4.58808127787357,-2.13232142543761,-0.0411836147543757,10.972578541757528
2005-02-01,3.9556537869009034,3.0530262453133394,2.54,-0.9356487562583689,4.66319315150969,-2.03875704590916,0.0624604461500161,4.316974958786024
2005-03-01,4.219706589576644,3.2068412613575736,2.74,-0.6403362748612245,4.67760509639752,-1.98332378148182,0.160601445001422,4.921520922055311
2005-04-01,4.0021698511241155,3.3617929562433257,2.78,-0.3881855305090251,4.31825706648602,-1.48869686836793,0.0323630084009279,6.3096846085930025
2005-05-01,3.362547791391246,2.869287991498415,2.84,-0.3143294126836276,4.01115294437579,-1.15776144610081,0.038259633669984,2.766713665924514
2005-06-01,4.616199719799563,2.541026998411855,2.97,-0.4623167133486761,3.91259073402498,-0.827441907094886,0.0909506698613931,6.84579999618955
2005-07-01,3.5138015480309592,3.067160232681121,3.22,-0.5633028812026806,4.25873911422195,-0.968121587400842,0.459113395860613,6.1351201612505735
2005-08-01,3.767376389470356,3.6469344608879517,3.44,-0.567438749038397,4.23431148001678,-0.63677996110346,-0.0004003276732294,10.524998416219521
2005-09-01,1.6333161940564445,4.741833508956805,3.42,-0.4761128012233071,4.26960378281218,-0.773119798288719,0.691746727641422,12.42819886262334
2005-10-01,1.978700837817815,4.350104821802936,3.71,-0.3558829494597608,4.54064922143416,-0.661493374533627,0.364303157085107,9.686213688487921
2005-11-01,2.8429324894514663,3.3385498174230532,3.88,-0.3242844486209288,4.46954343536624,-0.491877382242212,0.393321757677037,6.609274342431504
2005-12-01,2.5498573411232517,3.3385498174230532,3.89,-0.2949111045837083,4.3108140108931,-0.204169183224793,0.457661262856454,5.854114179262937
2006-01-01,2.3438958481734495,4.018789144050117,4.24,-0.3776819531930859,4.97595739738194,-0.474598169916824,-0.810283146068705,5.241983481892221
2006-02-01,1.6738537886696214,3.63825363825363,4.43,-0.3326947107941085,4.49606972151804,0.0634630449184557,0.373276390684978,8.237162971226674
2006-03-01,2.0248431360959662,3.4179181771103018,4.51,-0.4166740554986372,5.09077519012911,-0.351674186225585,-0.255918110577576,6.420199165144602
2006-04-01,2.1203998840915617,3.613835828600931,4.6,-0.4609521185430232,6.20099840296143,-1.36868929967101,-1.69622593737829,8.271590851179656
2006-05-01,2.04133955542507,3.9772727272727293,4.72,-0.3656389071135342,5.83675611179381,-0.863489997741621,-1.06131228289756,11.82878665822036
2006-06-01,1.949483678645536,4.1817243159525175,4.79,-0.3803676416748234,5.66634334815157,-0.510082160777969,-1.0847742508652,9.483171876397446
2006-07-01,2.2120380056238176,4.104669061056954,4.95,-0.2874411713843108,6.53504800175309,-1.40947608853576,-3.06068497199103,4.234965867639229
2006-08-01,2.3160694234167556,3.926568077511483,4.96,-0.3183223250489495,5.30764035003786,-0.161644290701278,-2.0644119062929,3.1088490756939535
2006-09-01,4.143675693717719,2.012072434607637,4.81,-0.3724063987871093,5.96869123898519,-0.984938977314162,-3.1434176450683,5.136086791544425
2006-10-01,2.786237418121229,1.4063284781516971,4.92,-0.406745239970171,4.95808191146832,0.212702149578381,-1.89127362789447,7.490589225799171
2006-11-01,1.6429543638603494,1.9687026754164672,4.94,-0.376822434297114,4.95694497801799,0.182337062925243,-2.28931296808063,14.380714270514128
2006-12-01,2.1774098070194814,2.5239777889954462,4.85,-0.5020089950809901,6.25207132595766,-1.21508952449879,-3.29143740292897,12.224828810821386
2007-01-01,1.6575886192366163,2.075765178123423,4.98,-0.5651426831231314,6.11926185691392,-1.02325181574039,-2.84166287068128,12.229738649142941
2007-02-01,2.596918451097463,2.420260782347028,5.03,-0.5679252592534572,5.01849666788415,0.17884233115019,-2.18491067565079,11.373733475966086
2007-03-01,2.5536183628790843,2.798197295943927,4.94,-0.3845621740885214,5.54768230828402,-0.417035970180129,-2.96772995378862,13.171197589314332
2007-04-01,2.949525167491074,2.5929247633283525,4.87,-0.3842007032146266,6.2049159862972,-1.16137704807644,-3.88869524493305,8.751178726726462
2007-05-01,2.9630657756632983,2.709885742672613,4.73,-0.5974008967948046,4.76982496723956,0.0327934718515265,0.322645088340144,12.400517526643817
2007-06-01,2.630683533465872,2.692765113974227,4.61,-0.3847874186579014,6.10921805099805,-1.2382607998916,-1.68245163630547,17.14115113824246
2007-07-01,2.5379772156912006,2.3178905864958077,4.82,0.0162699394835135,5.52757723379796,-0.505111587520628,-2.73997506322767,20.852854712341774
2007-08-01,2.290299022438247,1.897448478900876,4.2,0.1334813138840029,7.06266143219104,-2.79429217663716,-3.86575624493686,20.668395809449038
2007-09-01,2.7404563765424106,2.8338264299802685,3.89,0.0673022404099326,7.27427578833619,-3.32053301295202,-3.54554566922722,13.010717283425222
2007-10-01,2.531341645372076,3.610698365527476,3.9,-0.0206558962220975,6.30320582537334,-2.24640655312687,-3.33553357763955,13.612162124671311
2007-11-01,3.1382414586127227,4.373267326732666,3.27,0.3284116336812475,5.9824233621215,-2.6306088919148,-4.76403164292515,12.92976142634914
2007-12-01,2.145792420903758,4.108813392417532,3.0,0.4751960995154536,6.20934649895244,-2.79344154740637,-5.1536521318899,5.383019707169012
2008-01-01,2.3887021575406786,4.294695655165981,2.75,0.7143120634811728,6.85316402634894,-4.84638248774052,-5.48711814063868,4.433959622582617
2008-02-01,1.0320915340894965,4.142959270611968,2.12,0.9187419464978176,6.21294642017025,-4.13504604284524,-7.41392880540718,-3.1876438965032228
2008-03-01,0.5284319584390129,3.9749035501344343,1.26,1.1445739777217243,9.19693116112011,-7.83602293830861,-7.86308052811918,-6.22387634923256
2008-04-01,-0.8317960691975546,3.9037609759888126,1.29,0.6690596525554509,6.36070094870794,-4.92971158162635,-0.36005462714555,-6.39743497647175
2008-05-01,-1.4738772743060902,4.088413823123993,1.73,0.6738302678419625,6.19213900689672,-4.3747045749129,-0.0142437831891337,-6.365730432224048
2008-06-01,-1.754187481922953,4.935966105947864,1.86,0.8147067323745634,6.5001284270735,-4.631179741865,-0.468840854888756,-7.141590070018433
2008-07-01,-2.040643397295372,5.497512078341837,1.63,1.0754568202436603,6.69552748905027,-4.98032661467846,-0.650779287536491,-11.438742377336641
2008-08-01,-3.7788359226413437,5.308017162091239,1.72,1.2218810155977344,7.44777932744205,-5.65758076077761,-2.63525821384339,-17.31949550900528
2008-09-01,-8.22132278069999,4.953319875136075,1.13,1.8013024520202765,8.4299447138514,-7.23835046205913,-2.91560433855533,-11.903105664373935
2008-10-01,-7.024091228864215,3.7310578899565128,0.67,3.5056825229390305,14.4562920212525,-13.599199172957,-11.0743533628558,-18.708864862193597
2008-11-01,-8.744917167937949,1.0999174706166848,0.19,3.283922653054064,11.6563425686498,-11.1909229023141,-10.3386655219767,-37.07690674972064
2008-12-01,-11.37527332183328,-0.02222800255385904,0.03,3.429220362861733,7.42396297741785,-7.33084417665188,-5.31670784546742,-39.65768511678706
2009-01-01,-13.470628549050323,-0.11358601902212717,0.13,2.850503542486837,8.7274764639989,-8.50212770596033,-6.21550829161353,-40.67415651623902
2009-02-01,-13.684088472600674,0.008463140671510772,0.3,3.2175536441191706,7.21354545205276,-6.85043926707221,-5.57546911232042,-37.22090056390934
2009-03-01,-14.744443513365646,-0.4464787676623838,0.21,2.7757423018067904,7.59308883302616,-7.32550688346463,-5.55511021813709,-40.56803403990893
2009-04-01,-14.843898894606433,-0.5763244243767063,0.16,2.2606723838355647,8.79040391961154,-8.7449406535084,-3.82547590983362,-42.50876322370818
2009-05-01,-15.160388287460558,-1.015761495855172,0.18,1.393497255019314,6.3491096781568,-6.1349642399288,-5.73947619647395,-38.112292880704636
2009-06-01,-15.19279508056367,-1.2291746182109153,0.18,0.9585041663332778,5.52388769817891,-5.29948985623253,-5.21447486209314,-35.69005323247198
2009-07-01,-13.796828449408272,-1.9587610037622771,0.18,0.3550675648836159,5.67848674271284,-5.56110873521278,-4.46870948278308,-30.951400927764084
2009-08-01,-11.429427010939786,-1.4838355663267633,0.17,0.085145019711565,5.73537974465149,-5.63691911021596,-5.02620556038927,-25.57052892411875
2009-09-01,-6.579484603298447,-1.377942862886472,0.12,0.0649414110182635,5.17344592967522,-5.05028407466113,-5.06142616300512,-21.205889045806302
2009-10-01,-7.293567107886501,-0.22396829420033848,0.07,-0.138789261450988,5.62927648349397,-5.57895691234942,-5.03429361545885,-14.171506528090916
2009-11-01,-5.696432572915522,1.9145871744709275,0.05,-0.0121312744155313,5.92733802684382,-5.84138702378902,-5.82412539749779,10.204651772686812
2009-12-01,-2.6274440570243307,2.8141231232083674,0.05,-0.4674715730673284,6.28032443330194,-6.30669675523299,-4.15682062479364,23.21846763031894
2010-01-01,0.9164855381976533,2.6211113889767157,0.06,-0.2015717434267094,6.04741173008075,-5.94792781671029,-6.04038974514265,26.529858321600152
2010-02-01,1.8852201472657537,2.151336357866529,0.11,-0.0051776333569368,6.0990291282284,-5.93273391485279,-6.2823550768311,29.807461149656422
2010-03-01,4.235112639541905,2.2861714393279886,0.15,-0.1598342499538558,6.19068494215842,-6.07394850339977,-5.57222335592622,35.26117360127803
2010-04-01,5.444565284543468,2.2067707525304403,0.16,-0.2731624128862511,5.92168245678172,-5.74922601312412,-5.48244609711872,52.16059822582615
2010-05-01,7.946171702475291,2.003548929218568,0.16,-0.12205913156129,5.87235869708167,-5.69396890707107,-5.42237175052361,41.16765955253665
2010-06-01,8.509460072166686,1.1215605940686268,0.12,0.0427413550623096,5.38721134941935,-5.15506299002928,-5.61559541239661,24.673249739539436
2010-07-01,7.639981144492003,1.3407784804821077,0.16,0.160252924719126,6.29159165667858,-6.05676744809608,-6.52021106488859,16.97908939737216
2010-08-01,6.840622789536788,1.1501775395112546,0.16,-0.289214514757163,6.0295355190834,-5.8557623418063,-5.80724401944662,15.385625674036007
2010-09-01,6.239009282258223,1.1183122472331775,0.15,-0.0200494942639095,6.52998889177208,-6.32034760417978,-6.82219698508983,7.681054937442999
2010-10-01,5.70776281769565,1.1666951489314625,0.13,-0.0309760000340371,7.8186826788697,-7.565787117368,-8.83794931421519,7.422272157424059
2010-11-01,5.367917331298977,1.084544776600338,0.14,-0.1508454555223388,6.51526578947839,-6.289056293912,-6.82219035686948,9.733419533291787
2010-12-01,6.049284506633668,1.437793022217937,0.14,-0.4151480224692121,5.59919771576855,-5.33052866392305,-6.45829147367984,10.184974890036202
2011-01-01,4.712689943279091,1.7007834915029774,0.15,-0.0369119493307188,6.25462572332792,-6.00476475237125,-7.04127251599939,11.811091342369885
2011-02-01,3.9060439879683218,2.124898173333145,0.13,-0.280435430048902,5.7214468447173,-5.53435571047727,-6.20610697850284,14.154461131681085
2011-03-01,4.260061081472655,2.619241510354109,0.1,-0.3187297113475185,5.58131589924676,-5.5006569900142,-5.23682126501948,21.296953697381383
2011-04-01,3.530214207304727,3.0772344447868694,0.06,-0.2740771261452632,6.01984952858306,-5.91790764090132,-6.2432902920467,13.231890722793139
2011-05-01,2.263309415279924,3.4589718808964998,0.04,-0.1527781586742636,6.11519038180303,-5.99179778230859,-6.56201846411177,11.207467773854706
2011-06-01,2.33624266455712,3.5023181506360412,0.04,-0.0295364639604707,6.77294244865475,-6.70733685886913,-6.77244454687509,18.95437396474371
2011-07-01,2.429101961796021,3.5798809769996165,0.04,-0.0767883341946165,7.53894202665747,-7.27565647870208,-8.47186123656199,18.82362067445078
2011-08-01,2.70763873813451,3.75499603070808,0.02,-0.1065064547766025,7.45724699274195,-7.37298474192302,-7.99292972586289,22.724616509697924
2011-09-01,2.338772556334301,3.812621692818685,0.01,0.4366046155653924,5.07608852902134,-4.98362583249969,-5.03045481859089,9.015449356144224
2011-10-01,3.33539588590952,3.5222681306640524,0.02,-0.0946194245628704,6.38776437580142,-6.30345819259401,-6.63691570784041,4.616165171405018
2011-11-01,3.252144807843993,3.451432214581729,0.01,0.4957733368742008,5.99260553839684,-5.9255441763337,-6.01504366511599,3.0413851941960335
2011-12-01,2.7875163888268606,3.062066838419386,0.01,0.2685397329615151,6.07192453912996,-5.99560973429143,-5.91837184871254,2.2959773848465925
2012-01-01,3.6239860205750984,3.0087663379855023,0.03,0.1659353897874917,7.61570076071433,-7.50301322994661,-7.94407934894689,0.14477312967224876
2012-02-01,4.412052520082166,2.8981784423473878,0.09,0.0389968762852714,7.36529513970199,-7.24868131194979,-6.99538494320854,1.400222699444753
2012-03-01,2.777021131706059,2.5828752813320977,0.08,-0.351339815784665,6.4616429998548,-6.32486546752188,-6.15954404437681,2.374474866446241
2012-04-01,3.888524065027621,2.2731633741348567,0.08,-0.1819223502419813,8.12972683282793,-7.97899991173605,-8.09765685049695,6.497076554294723
2012-05-01,3.9538268774492735,1.7379429374660749,0.09,-0.0901349494943568,6.04494138746209,-5.89510253241636,-5.84903088226372,4.124954405443004
2012-06-01,3.667539637222794,1.653870448297634,0.09,0.1474704086179299,6.18447043444367,-6.01398835745945,-5.77497216098744,0.22134256265711194
2012-07-01,3.38553820331855,1.4175114798464783,0.1,-0.0248526979428742,6.42863730704526,-6.26364525578239,-6.72624931221029,2.8117744280466095
2012-08-01,2.3231041180101553,1.6859349154821235,0.1,-0.2239833622815203,6.79560351489552,-6.60925575051633,-7.2048833073125,2.6103305130369403
2012-09-01,2.325838357285903,1.9497168982819613,0.11,-0.1698483501773182,7.11615246815359,-6.93137929613652,-7.5070238945025,18.403911600987865
2012-10-01,1.9333823793739047,2.1556780595369363,0.1,-0.1981245563490872,6.82840983426776,-6.65977080309743,-6.72441761479475,22.961514907516612
2012-11-01,2.3436822365251686,1.7960197033926262,0.09,-0.0673593832010435,6.74862398030467,-6.5688564264414,-6.9574875773961,19.101837605161577
2012-12-01,2.083918090355108,1.7595049796895523,0.07,-0.1811880944277639,7.16950573527116,-7.04242594730308,-7.05864392719195,13.706424567191533
2013-01-01,1.4712902592504573,1.684061762098299,0.07,-0.112345130220639,6.78206266706173,-6.67754652785767,-6.64846803877527,14.393899820598621
2013-02-01,1.6245794106651168,2.0181404902574807,0.1,-0.0517420736445286,8.05043997796769,-7.90850218722555,-8.21253550817015,13.825946862923534
2013-03-01,2.5746465283320807,1.5187472411246183,0.09,-0.1161698746842718,7.75055039179211,-7.62218364746612,-7.75742196819027,11.817046831137423
2013-04-01,1.7180880258021558,1.138808047576867,0.06,-0.1449228269691373,7.10838464333585,-7.01151542770824,-7.14944864610346,11.631466421146342
2013-05-01,1.61193533794326,1.3903888279197085,0.04,-0.5059010133513144,5.72417189451445,-5.66248487864008,-5.41031785732812,13.291216591543108
2013-06-01,1.7913573801564997,1.7157935271568725,0.05,-0.3562177588717752,4.47902843978471,-4.34886111042853,-4.94184498673082,22.260201353799005
2013-07-01,1.262741549478874,1.885471805415806,0.04,-0.0251047011226153,5.162393999827,-5.07121811547455,-5.66765600095743,22.311426261185296
2013-08-01,2.26070102491005,1.538809488600279,0.04,-0.1294167811501827,4.70756720205928,-4.58843039894192,-5.4036780951747,22.716918010692666
2013-09-01,2.8803465301223907,1.0947341081747997,0.02,-0.1448803615634073,5.22353824151149,-5.153396832509,-5.70374236406405,18.999302566124875
2013-10-01,2.43770664069507,0.8767991434911471,0.05,-0.0570857363063961,5.17558259446123,-5.05118867631125,-5.84066000636235,16.887262310146834
2013-11-01,2.279188024587997,1.2328701961954458,0.07,-0.0174018607643482,5.68748357098581,-5.48630237696614,-6.78488727044429,19.62766722322695
2013-12-01,2.219282595235761,1.5128383667573297,0.07,-0.1686739503132588,5.24524352108426,-5.056325869973,-6.43744021856048,27.897107243368204
2014-01-01,1.8289683909538335,1.557758795574915,0.04,-0.3188764343562331,4.59056493851975,-4.40851026050422,-5.68528379557263,27.103541723355185
2014-02-01,2.1130336169967068,1.1204746347724948,0.05,-0.225370334783924,4.56831763857143,-4.39065716979471,-5.64783852791265,23.0993325722441
2014-03-01,2.7229841298037627,1.6126949139408042,0.05,-0.287440035263403,4.2917038015655,-4.1653633571252,-5.22996874803983,20.149495722754217
2014-04-01,2.9067617298096815,2.015125303606169,0.03,-0.3681123051383486,4.17380461694397,-4.07230396912665,-5.05951765615718,20.16304544149079
2014-05-01,3.233198763940237,2.166947687079812,0.03,-0.3819955810846411,3.88343642311894,-3.7401869678965,-4.82726529993572,18.689797316673086
2014-06-01,3.3818206734218537,2.0589816945944195,0.04,-0.316353148552061,3.91676514277352,-3.83419856457412,-4.52604336380295,15.240755413822926
2014-07-01,3.9327455527274013,1.9742378703305974,0.03,-0.3194835757111627,3.66762798744488,-3.55920721766511,-4.4825485816173,20.281731529258494
2014-08-01,3.1659429239874193,1.7150983482969062,0.03,-0.3152320569748577,3.32730465352655,-3.25092196330013,-3.89601823835984,18.24348438863175
2014-09-01,2.9373514955652213,1.6840509711232077,0.02,-0.2120290838816902,3.31998633391025,-3.13312652183585,-4.56475676257251,17.450414816102434
2014-10-01,3.0713478642478087,1.6095417021513292,0.02,-0.2129503395016823,3.33437508433557,-3.24240771085889,-3.92688204390495,18.139965154506356
2014-11-01,3.468339088773531,1.231524989320798,0.02,0.0606281725613104,3.08778818087719,-2.9613240907874,-3.7191883736867,12.630492300587793
2014-12-01,3.2445453522047307,0.6531213919623191,0.03,0.0930224246405941,2.80892851290651,-2.71620559044252,-3.09855666064356,14.635553715219341
2015-01-01,2.824928249282488,-0.22993097820542818,0.03,-0.0291946668602469,2.25686702905259,-2.20698765965536,-2.28802308500399,13.635053999033243
2015-02-01,1.3825163783033334,-0.08703146293520536,0.02,-0.274483588997406,2.57701748454941,-2.50507594877838,-2.80559044293507,11.294268219087877
2015-03-01,0.04647429126705127,-0.022031284423873476,0.03,-0.1202521312330975,2.74267052332845,-2.72978824253017,-2.15609346186672,14.593064737649142
2015-04-01,-0.5876721408056618,-0.10403098939391064,0.02,0.0082434395398438,2.90768177832619,-2.94497906903223,-2.27374713659948,11.616012340746451
2015-05-01,-1.443779251589583,0.03503321824429584,0.02,0.0537117738811172,3.05067531309101,-3.04648828011188,-2.48690768041359,12.36947058109128
2015-06-01,-2.0667923343983263,0.1795718097550525,0.02,0.1497594940612319,3.42674356775287,-3.4200969634215,-2.90688573220303,11.756812305081565
2015-07-01,-1.6642302825524813,0.22568611104094582,0.03,0.2125111195958471,3.11684437724866,-3.04220226657143,-2.54620641417967,7.816599807831959
2015-08-01,-1.6677024865522028,0.2413037985344868,0.07,0.3985728347517905,3.20784733951598,-3.15665615823716,-1.88138174117017,6.134693677647407
2015-09-01,-2.259617625580701,0.008842961634170088,0.02,0.5369831142992405,3.29632912479949,-3.32825554191779,-1.30850782645299,3.993526589924512
2015-10-01,-2.7207707215902155,0.12761656067050708,0.02,0.4200614707085237,3.07994557442538,-2.99766522280133,-1.78653387858818,-2.449486479225016
2015-11-01,-4.054411319159934,0.4363182169185187,0.12,0.5079356343094377,3.14542742654396,-2.97708748347565,-0.0590622806441771,4.518635473950683
2015-12-01,-4.530827089434508,0.6387247515364791,0.23,0.6860819588441256,3.14463808532387,-2.87316257623389,0.12648403419121,1.7629311684252524
2016-01-01,-3.2756003224931107,1.2375025026943876,0.26,0.9162256516137668,3.77324297774618,-3.42234219255189,-0.615784093037224,-0.009093312989771896
2016-02-01,-3.1695142401516163,0.8472775790126619,0.31,0.9442130875636768,3.23265002576145,-2.85428674099127,-0.345258979799313,-5.402908149649011
2016-03-01,-3.5682157448145735,0.8916160965521946,0.29,0.5678725895111971,3.40782821828603,-3.10560937591721,-0.457563613737816,-8.53797232642548
2016-04-01,-2.742977361621435,1.1726257503534843,0.23,0.2240666145236183,3.00155587393248,-2.74236627557869,0.0465417519236232,-2.790221921353575
2016-05-01,-2.511534683428751,1.0784764621246223,0.27,0.2360698903129328,2.77646781204131,-2.40690391217907,0.0769957574640115,-0.9226192421869395
2016-06-01,-1.742270206144414,1.0792865347959424,0.27,0.0485690438955392,2.73117882867243,-2.44084650167764,-1.23420927850976,-2.1966988552907463
2016-07-01,-2.2443949470452584,0.8683633430518256,0.3,-0.0033907996533573,2.63405555762555,-2.30184892504189,-0.267703367823244,-0.7332162824054245
2016-08-01,-2.1683266596793094,1.0553158595656864,0.3,-0.0350563788076274,2.14229305549724,-1.79689306100031,0.0723372200420833,2.6148326226438368
2016-09-01,-1.9782276725348158,1.5486446201652182,0.29,-0.0852482706172907,2.36891632451728,-2.01596171476883,0.0208280379877059,6.746322952417816
2016-10-01,-1.4521829656712226,1.685924966243646,0.33,-0.0890297751041808,2.79639941332408,-2.44321411225213,-0.0632734510036925,10.96936424983037
2016-11-01,-1.099175166083044,1.6843334719788938,0.45,-0.7267225765455689,2.81378573200117,-2.42325537718881,2.61332548877024,5.837982970493094
2016-12-01,0.09339087720718897,2.0507989115119862,0.51,-0.2504289455180932,2.99359773295326,-2.55187401632067,2.44565913213254,4.055008918963621
2017-01-01,-0.6606955049378693,2.5103933482571117,0.51,-0.2032179717976125,2.82464244836777,-2.41037619146381,2.76080787509138,9.374003189123336
2017-02-01,-0.4866873716051212,2.8103616813294208,0.52,-0.1895008001374778,2.2688299780419,-1.78487000863459,3.38880168217481,18.58222057774195
2017-03-01,0.8917341459018013,2.44119623655914,0.74,-0.1799517615021097,3.16848019340783,-2.42647467398212,-1.47589131586082,22.342360647151338
2017-04-01,1.5652975771553779,2.176223471915395,0.8,-0.1328620068261548,3.26175033000124,-2.47015959670154,-0.81274942007434,17.056177548876406
2017-05-01,1.9101940117127736,1.8563431667619756,0.89,-0.1831495492692885,3.26149455744021,-2.30777647656634,-1.28821768904292,13.672339476556704
2017-06-01,1.6163682864450024,1.640565809959127,0.98,-0.1414799222507696,3.07963825036084,-2.0665889068937,-1.11056867450384,15.966465359099669
2017-07-01,1.2735238172326024,1.7251073506566073,1.07,-0.1674475582530727,3.20558515900601,-2.15107984915299,-1.55831709017589,16.800015980094617
2017-08-01,0.9202534747466906,1.92812155729698,1.01,-0.0964014505101027,3.1425624127918,-2.10595486210736,-1.03697736791114,14.20262664804568
2017-09-01,1.124066993987416,2.1805652303711787,1.03,-0.2708196953708477,3.10965260517747,-2.06579896181631,-0.0576964518852212,12.801064794791994
2017-10-01,2.2949959587652113,2.020757753132485,1.07,-0.2313368119380559,2.92351665061919,-1.79459699107962,0.0781994193143111,15.532811745791042
2017-11-01,2.9635406710240897,2.172493864295566,1.23,-0.1480606132724495,2.69785493862431,-1.44299644976668,0.0699554536355227,19.317418918547503
2017-12-01,2.4496270879741155,2.129930719552253,1.32,-0.2099598670548199,2.59463666591988,-1.23757646541887,-0.0354269519310759,19.79782359155502
2018-01-01,2.6267552103418357,2.151318868063945,1.41,-0.4057943813171742,2.87865366509654,-1.54499285281294,0.131594574707426,18.592810520871538
2018-02-01,3.3864934442184635,2.263468931091861,1.57,-0.253456934637549,3.09858670969578,-1.50554873979083,0.0237785975971994,22.622487878206154
2018-03-01,3.207750768929496,2.3309497646499366,1.7,-0.1148104512281138,2.87762808252622,-1.20415794111271,0.0053642911782486,16.105541362280217
2018-04-01,3.338326257246904,2.4709963021052994,1.76,-0.2909912715719533,3.06703889464056,-1.39572582566884,0.119527276682178,14.194207545589443
2018-05-01,2.259594161907774,2.781921607842497,1.86,-0.2040441474914389,2.98415776432623,-1.14841432327081,0.0787887231205458,12.474656684576368
2018-06-01,2.85985409172147,2.8075506935940187,1.9,0.0153513276770116,2.91568872549786,-1.12926658001039,0.34972612855565,12.78094077515377
2018-07-01,3.2356358528473406,2.854124785561929,1.96,-0.1391055386441086,2.99076623553638,-1.15162376774399,0.555612695621862,13.16225765471648
2018-08-01,4.43138057597412,2.6429238568742575,2.03,-0.1082645403914488,2.86675796836459,-0.90654072322077,0.447042703458743,13.835642735813236
2018-09-01,4.359588086832922,2.332055105808828,2.13,-0.18716053292042,3.06712552799356,-1.02447988724737,0.571985321836791,16.350198966175977
2018-10-01,2.9125300376937835,2.492032470218053,2.25,-0.0160706662757275,3.13559629844548,-0.965222732336197,0.433162082291245,16.393322613735407
2018-11-01,2.706901166011755,2.147328577667773,2.33,0.1285986473814233,2.94697560763669,-0.650343786814446,0.355673774601478,8.934992331513513
2018-12-01,2.500855039509231,2.0023809043401064,2.37,0.3199559710253628,3.83841438844145,-1.30683831322862,-1.80219032403792,4.997894788423474
2019-01-01,1.9518925694741007,1.4875893578291333,2.37,0.1513595248337618,3.74633646016407,-1.24441852262108,-1.82189561051665,-3.6419196589749347
2019-02-01,1.0451468865706914,1.5188615351321877,2.39,0.040036437806497,3.53652287014316,-1.04040729314756,-1.18635166268827,-6.538589464297429
2019-03-01,0.5716711282117926,1.8831863513063984,2.4,-0.1472814753765339,3.2275432129347,-0.753346970818684,-1.96769831062524,1.837563988889146
2019-04-01,-1.0631195160372697,2.000583470209061,2.38,-0.0323915578256663,3.16266642073044,-0.678016506833339,-1.82816257531617,3.7446704482359205
2019-05-01,0.027443791501413628,1.7959105553606136,2.35,-0.0432992752396543,2.7411714376032,-0.258260112032925,-2.43552261108199,9.427660279113525
2019-06-01,-0.6813486264492408,1.671194894390049,2.17,-0.0215119619630375,2.58093637360446,-0.388625367816213,-2.17937340419283,5.671391940008053
2019-07-01,-1.2675475693241456,1.826331335037068,2.1,-0.0713232885371732,2.91894575269858,-0.78410999918965,-2.24662881197621,4.930852969818478
2019-08-01,-1.254123002631602,1.7376412106666406,1.95,-0.1851316095420785,1.87157028244292,0.208695857071304,-1.89188089016497,7.247534972667324
2019-09-01,-1.5238464781819894,1.6844977040391562,1.89,-0.2627236892885884,2.8922610237346,-0.986332086541071,-2.68080440460516,1.3867218836328243
2019-10-01,-2.248900083413752,1.7339736996186295,1.65,-0.2541505053941846,2.58923494829333,-0.99470125073674,-1.51272353416818,2.779785545116753
2019-11-01,-1.78143031729594,2.092290394862917,1.54,-0.2014732023882681,2.46329059317117,-0.812881124531179,-1.05081523259337,6.900479185742969
2019-12-01,-2.0295284562852345,2.3195274699624457,1.54,-0.315634292537152,3.00715755350784,-1.44032479469816,-1.4385274965976,14.015447495006805
2020-01-01,-1.9310651717566518,2.5122643638566533,1.52,-0.2739620377763838,2.29484579660782,-0.666185248201217,-2.15932053522776,23.738572528181322
2020-02-01,-1.1632882488631702,2.339737643050843,1.52,-0.177429987721823,1.51223117807964,-0.0689084546084367,-1.92672420235771,25.727369557906755
2020-03-01,-5.019420667012875,1.5231420852062971,0.29,1.2040392494074,1.60041789036883,-1.51729539503117,-0.689052075821807,18.964636284227954
2020-04-01,-17.26213005425039,0.3498763874577149,0.14,0.6453219907663725,1.29410348958245,-1.19810930535569,-0.875292959973815,-5.406242421375296
2020-05-01,-16.057536086983692,0.21621960391076112,0.13,0.3812345227431231,1.62819236464536,-1.43506872281968,-1.7837875448428,-4.8841089109543105
2020-06-01,-10.661405629660848,0.7017667595302868,0.16,0.0301052602150102,1.8611261159157,-1.67790808490333,-2.14390495775403,2.2735292356096393
2020-07-01,-6.870175135948942,1.0187566946310067,0.13,-0.1834034645415188,1.97415926668172,-1.83778524534876,-2.17253393143681,7.421544493133192
2020-08-01,-6.701311792510667,1.3005983533565635,0.1,-0.308835953173677,2.84301752675575,-2.70836946754146,-3.07868475702122,7.059327033031426
2020-09-01,-6.52199567937658,1.373084272511016,0.11,-0.0256980937911763,2.62006593795821,-2.50051028311259,-2.75403686472974,17.05843040117909
2020-10-01,-5.091425185675114,1.2031654060780772,0.1,-0.2315952352240566,2.29418490524867,-2.14620369330533,-2.51841242525788,12.855151263192056
2020-11-01,-5.180326584955164,1.169540753609244,0.09,-0.4901797537671821,2.1759314999088,-2.05160519203684,-2.36241155940905,14.811044485491642
2020-12-01,-3.8363236622040775,1.3049530216912242,0.09,-0.5277367585095221,2.72821695582397,-2.61532270274506,-3.0753788922872,14.30279061396751
2021-01-01,-2.5579817078463685,1.3951009246599089,0.08,-0.6775735397588234,3.02465653417667,-2.9024814990702,-3.51929804415041,16.323619491334497
2021-02-01,-6.158039219544831,1.6729284154818336,0.04,-0.9580680897271509,2.64097133206237,-2.50871840520607,-3.28870215949759,15.72646956718553
2021-03-01,0.4790758821794805,2.6186325779585795,0.03,-0.7608623812165536,3.07046738291354,-2.91517869787338,-4.09860192072356,18.49434930171312
2021-04-01,16.18326223227764,4.148739292379555,0.02,-0.5026309643289402,3.08994747719551,-2.9872474043478,-3.78565160061548,47.43318004648942
2021-05-01,15.327567195358549,4.926362527750849,0.02,-0.4401441641108981,3.06878964223219,-2.97262459184941,-3.85217335483486,49.93531301382266
2021-06-01,8.679426621160413,5.315092372103147,0.04,-0.5943906999190456,2.43664253198209,-2.3605032358141,-2.70680328947535,42.753713696035604
2021-07-01,5.376763943149676,5.25757716479367,0.05,-0.5631101070319517,2.05567174357879,-1.95113795431285,-2.4916168654444,36.520207447044406
2021-08-01,4.419109357678397,5.175312107215291,0.05,-0.4893024406112487,1.9931479703677,-1.87241431628766,-2.49438971718376,36.04211306573
2021-09-01,3.3564819645174993,5.361010344257178,0.04,-0.6500331468748839,2.11653439887978,-1.96401368067109,-2.86304353217025,31.319184312571124
2021-10-01,4.018803432985041,6.219044069333601,0.05,-0.52617869854269,2.00742462063056,-1.91691316472642,-2.28490226149566,32.09096111185599
2021-11-01,4.481583044589743,6.862530903236941,0.05,-0.4449828571289271,1.80870587026048,-1.80322910758389,-1.53026552483466,30.479629202470626
2021-12-01,2.9707457178026253,7.176580599606885,0.06,-0.4460134699221354,0.716142123758436,-0.755215271914088,3.62455799402469,31.513004738152283
2022-01-01,2.266671795723174,7.5697666445729395,0.15,-0.3443128998273299,1.95701070791926,-1.9963681680804,0.270851387091685,26.50556390918195
2022-02-01,6.60785284101395,7.948919315737357,0.33,-0.2090790059062997,1.86178610189051,-1.87555064311465,1.36377169683105,20.561906927920994
2022-03-01,4.425429841106809,8.547431203050081,0.44,-0.8010426082779885,1.96171413667742,-2.03991115645914,4.64018922105013,14.22835167139036
2022-04-01,4.5851706098164025,8.251859404990402,0.76,-0.2861127549145459,2.84054132682138,-2.68868610757909,3.41766245711553,12.293976899595238
2022-05-01,3.6571565736231992,8.532996587844366,0.98,-0.1182549404434381,2.83978691353067,-2.23694715381047,2.23077445663402,6.039825021945355
2022-06-01,3.1923553104423963,8.989743741317646,1.49,0.0772875744710577,2.80646510292154,-1.35155303199621,2.71936780285665,-3.0588804187237195
2022-07-01,3.005999614474586,8.449818746001725,2.23,-0.0110257054963396,2.36943755360266,-0.0992884222470314,1.97197959581624,-8.010940177911873
2022-08-01,3.1050032209576806,8.218806476800754,2.63,-0.0455973797161748,2.94504622427024,-0.482082407129389,2.63775053778726,-10.357769321531919
2022-09-01,4.509223572451027,8.19827154994579,3.13,0.025986926161138,3.43070603635485,-0.658203285086812,4.03968930452387,-6.632355344166574
2022-10-01,3.0974682093026784,7.7519407887596925,3.72,0.0758874337013402,3.66299968838231,0.0977430350174391,2.81208673865036,-13.384704159562567
2022-11-01,1.8514364542066897,7.119465995215202,4.15,-0.2513664641463511,3.08414934412337,1.17944652368084,2.49359141711461,-16.469499326256788
2022-12-01,0.5935412247487282,6.411498247913161,4.25,-0.0375275404987891,3.44450025505055,0.810973602285459,2.17894649727652,-16.06676519957546
