"TIME_PERIOD","Y3M","Y6M","Y9M","Y1Y","Y2Y","Y3Y","Y4Y","Y5Y","Y6Y","Y7Y","Y8Y","Y10Y","beta_0","beta_1","beta_2","lambda"
2004-10-01,2.04537885047054,2.12744852194599,2.20973143193901,2.29166675353682,2.60818822421722,2.89637422467742,3.15110426998099,3.37293960452545,3.56481202251661,3.73040685625022,3.87341014096315,4.10468978228152,5.24214850273962,-3.2813054948151,-1.70271480585207,0.421945088329069
2004-11-01,2.06205517267962,2.10792120193294,2.16004864639141,2.21703580448593,2.47251887315615,2.73882306082094,2.99143349923506,3.22023696175794,3.42249288714383,3.59902586266999,3.75220203600632,3.9999262633405,5.1617639743919,-3.13490182321563,-2.59525997756865,0.47818961220653
2004-12-01,2.09755583580862,2.12707415307532,2.16441895403483,2.20808368307407,2.42277814507082,2.6636443478611,2.90103200206971,3.1210888147632,3.31852829181507,3.49252494849337,3.64441949013786,3.89116078332031,5.05704738225287,-2.97367810246254,-2.78604955223739,0.47818961220653
2005-01-01,2.09689743120682,2.12304465653265,2.15534692659034,2.19268088610143,2.37480475597901,2.58007278619638,2.78474308096212,2.97702920666619,3.15189181891314,3.30798202794657,3.44586798794327,3.67326217824391,4.86384582883871,-2.79006221209096,-2.45854722257668,0.421945088329069
2005-02-01,2.05695359784089,2.10120440454782,2.14768670058083,2.19588193751604,2.39762815396321,2.59996559754694,2.79179576965471,2.96785197515002,3.12628021603201,3.26714371733931,3.39151168815393,3.59703140925372,4.73452973256534,-2.72337630296371,-1.82436857217313,0.377545764892034
2005-03-01,2.04921003473585,2.10203495822081,2.15599010587007,2.21063780888147,2.4294706969752,2.63802481744532,2.8285582231137,2.99833850485213,3.14737410435253,3.2770635653546,3.38940989741036,3.57066587303663,4.48817135522378,-2.49071789346481,-1.53306889747357,0.421945088329069
2005-04-01,2.0542614693352,2.11304224834254,2.17307000560546,2.23384679659555,2.47689823470668,2.707953676559,2.91852691414278,3.10576051004835,3.26981786850551,3.41236017016858,3.53567695980322,3.73428830538075,4.74146586235553,-2.74576989094247,-1.66836869171506,0.421945088329069
2005-05-01,2.0358724814573,2.07082729685905,2.1095482441162,2.15130916932995,2.33728462118472,2.53407560955598,2.72564376740936,2.90392198299582,3.06550961234096,3.20965069076187,3.337011351432,3.54710794778019,4.61784247956639,-2.60893851293319,-2.12019013894536,0.421945088329069
2005-06-01,2.01864740302811,2.0312727708591,2.05042588061421,2.07511405647179,2.21309872339131,2.3852890628004,2.56654629266218,2.74263084300278,2.90610303198767,3.05367356622866,3.18450714411793,3.39886039174369,4.54922167337477,-2.53418319297303,-2.54384989226537,0.421945088329069
2005-07-01,2.03000386330977,1.99773792666505,1.98168154223809,1.97908242864035,2.06106392469809,2.22178992777428,2.40654018021979,2.58844634231102,2.7555564472124,2.90369092808466,3.03253716612357,3.23884342458843,4.14918107035903,-2.05180074657556,-3.1088728050631,0.551787926790903
2005-08-01,2.0427413317329,2.03688585056813,2.04056883446158,2.05229609196345,2.15594247545088,2.30968827792938,2.47921182572661,2.64612972998268,2.80138721270648,2.94125763655868,3.06494679153443,3.26737921047966,4.2440099224024,-2.1750284479869,-2.66415860997881,0.47818961220653
2005-09-01,2.06293766655054,2.07211792161051,2.08754306138464,2.10824226766399,2.22815389874745,2.38010440149103,2.54044562974975,2.69611681301574,2.84050573214273,2.97083415915962,3.08652372932741,3.27702784454611,4.29912848690601,-2.23914089287478,-2.27273765586727,0.421945088329069
2005-10-01,2.03917015323068,2.05233706393083,2.06943656171749,2.0899003835426,2.19605405306147,2.32420711098228,2.45908629494293,2.59165097039364,2.71687535810732,2.83227559330226,2.93693864078989,3.11467521428332,4.12268710506623,-2.0906163792937,-1.98177754380063,0.377545764892034
2005-11-01,2.06137320513125,2.14935999008167,2.22092269992782,2.28038406856746,2.45151105512934,2.58146235736109,2.70203538090633,2.81814580617354,2.92801115777368,3.02941878845811,3.12118160570889,3.27571410805876,4.20372867345069,-2.15135601804441,0.0284164016550105,0.19388672067282
2005-12-01,2.22669862101986,2.36039646698279,2.45978735172208,2.53502030329605,2.71451349393773,2.8326895708843,2.94534214182691,3.0570678065417,3.16302890356071,3.25931437119681,3.34433871963118,3.4818296024109,4.05715839865578,-1.81375021880072,-0.0262986749056355,0.286927551021278
2006-01-01,2.33649529625552,2.45534745394393,2.54550878611197,2.61445628666365,2.77308171716039,2.86150613604904,2.93961280449748,3.01921401130915,3.09887278090407,3.17516517391751,3.24565242134161,3.36564352457868,3.71702691767153,-1.36131410540037,-0.0327243024230136,0.341567679470276
2006-02-01,2.37522516037912,2.49540947454355,2.5879610763421,2.659594952932,2.82475386121115,2.90929574256045,2.97637734668887,3.04217860789933,3.10802598694636,3.17179005758294,3.2314384891415,3.33452664730779,3.5218902489067,-1.14664978639645,-0.0148967822970157,0.47818961220653
2006-03-01,2.44427080939031,2.56110548384431,2.65535661474823,2.73192271425664,2.92789013159602,3.03883188269598,3.1211635682297,3.1935426782068,3.26080266595156,3.32339290371919,3.38082590407216,3.47917261926241,3.66510181741335,-1.25353725737158,-0.045003774232112,0.551787926790903
2006-04-01,2.54836474299378,2.70041850350545,2.82108499918531,2.91717272089145,3.14821486193963,3.26125486524081,3.33539568490984,3.39747634205504,3.45498950241975,3.50904908047193,3.55917613091416,3.64590643871379,3.73432469619036,-1.2667868572065,0.0665742857630861,0.797010619527928
2006-05-01,2.5727210919802,2.76302897204787,2.91055622354265,3.02578388888005,3.29746790380118,3.43541337237102,3.53308550889726,3.61696988087062,3.6929556457321,3.76162014054968,3.82279062963063,3.92359365803869,4.04976779075477,-1.56349384490106,-0.00182515437106533,0.797010619527928
2006-06-01,2.65358762949097,2.85199904058036,2.99821394326766,3.10683780162265,3.34096758157082,3.45672368294936,3.54968847989472,3.63803547850495,3.7216333018761,3.79806316267833,3.86600640343709,3.97672537584636,4.12627998033689,-1.50233017263216,0.0389390890007939,0.652082396417305
2006-07-01,2.75692775049876,2.95167676257957,3.09581728094926,3.20296770380244,3.42875116526974,3.52913680815836,3.60418171647915,3.67632214262241,3.74723400874698,3.8146570842173,3.87669866371113,3.98195322565849,4.06081277446947,-1.35736665272111,0.0363261175451268,0.797010619527928
2006-08-01,2.85740734523207,3.07347240287944,3.22473001870751,3.33140196454654,3.53478249551241,3.61482321628265,3.67431129039728,3.73303191094084,3.7920897200714,3.84941810328874,3.90325475807843,3.9972627071732,4.01142771265672,-1.23931448656464,0.1378941669421,0.999950705261653
2006-09-01,2.99163435768741,3.19968845973578,3.32887690952557,3.4092971220248,3.52601297813023,3.55969884055401,3.59398091208668,3.63717108318954,3.68575815859195,3.73570171930219,3.78422278391635,3.87152026022955,3.8371285314347,-0.878744052682998,0.191065887279063,0.999950705261653
2006-10-01,3.11834402102017,3.32597076979149,3.43809733320317,3.49770919217823,3.54965375665088,3.54521055642687,3.5512901231207,3.5710563033562,3.59988510082495,3.63335617154945,3.66833663468426,3.73572003442641,3.64867073153153,-0.54833373502167,0.45608880412644,0.999950705261653
2006-11-01,3.18680856553363,3.38620273962859,3.4790969169658,3.52167540680114,3.54705108952828,3.54409535250094,3.55466880858861,3.57640053263091,3.60403492090348,3.63371702821509,3.66309310960936,3.71647758427641,3.64644574438864,-0.453581648395914,0.350109243904498,0.999950705261653
2006-12-01,3.30516502148091,3.47642566135314,3.56296936241225,3.60447704555983,3.62172543901736,3.60195604968507,3.59390167266587,3.59805282281243,3.61045670958035,3.62767364425007,3.64725639160295,3.68765895710878,3.59246913986386,-0.305249243044329,0.554831995495811,0.999950705261653
2007-01-01,3.40519326930028,3.54231314632338,3.61763133312514,3.65816731949507,3.69155947749066,3.68087488262439,3.67418646741128,3.67610333225434,3.68494756583503,3.69840829713157,3.71456808795557,3.74981362812333,3.67259079442268,-0.299876461793063,0.497815584764702,0.999950705261653
2007-02-01,3.50500362985349,3.65509528419442,3.74335517869789,3.79534028909852,3.86001236621146,3.86850405169991,3.8759514612632,3.8887201914982,3.90571950373987,3.92504762393061,3.94517567610799,3.98410309481889,3.92978355953934,-0.470706745026206,0.445855418610592,0.999950705261653
2007-03-01,3.57779509878988,3.71461439176722,3.79154475829802,3.83439846534678,3.87985323804864,3.88428915299357,3.89328698854108,3.90929901578564,3.92964058316492,3.95179408760216,3.97405461318813,4.01532692810964,3.96864738856171,-0.411210960285103,0.295880972116295,0.999950705261653
2007-04-01,3.66459198655428,3.76922011532758,3.82417691597987,3.85053046968817,3.85223107996118,3.82854395824923,3.81876133700608,3.8229254144542,3.83662050377647,3.85595794377563,3.87814390511529,3.92429963423975,3.85080528361893,-0.175590771924762,0.238648144916203,0.999950705261653
2007-05-01,3.75306903105131,3.87166104406246,3.94377530562949,3.98685765904302,4.03445707944658,4.02959356195212,4.02605062451138,4.03137574436691,4.04442280363245,4.0627265499048,4.0840903702954,4.12989779654626,4.06419821521527,-0.342450379900892,0.369921666493869,0.999950705261653
2007-06-01,3.82441199557949,3.96493609810681,4.05336126280371,4.10841879312588,4.17909218780644,4.17999723422842,4.17597977832243,4.17794568185525,4.18624659094381,4.19927241586177,4.2153369610599,4.25150024743979,4.17855921702406,-0.421093223493218,0.595865463062387,0.999950705261653
2007-07-01,3.89055381266669,4.04949411359999,4.16044700352734,4.23791740967599,4.37483240977338,4.40951921257303,4.42342668053499,4.4359979425984,4.45103429418287,4.46843325330492,4.48729058580443,4.52604366577474,4.48314836575504,-0.704865846882322,0.633757113147872,0.999950705261653
2007-08-01,3.95253729348703,4.10647900911389,4.20864760377156,4.27632915569411,4.38187612119133,4.40068336605799,4.40687336579061,4.41502155239491,4.42682569326277,4.44135658785005,4.45741108825815,4.49049998397903,4.43478538901119,-0.575720193508803,0.64180025679377,0.999950705261653
2007-09-01,3.95387027813298,4.01468244367954,4.05036676358839,4.07120941890546,4.09828950752475,4.11088379803985,4.13181878698811,4.16061358826496,4.19371480326845,4.22811879357114,4.2618396250528,4.32322704186487,4.74528262636523,-0.748045354597836,-0.315964168534686,0.183918955329833
2007-10-01,3.87836100479881,3.90552822337061,3.92593719986712,3.94145747590372,3.97866662758562,4.0059201895047,4.0379298106235,4.07632765184674,4.11895988805211,4.16319947208895,4.20695321727011,4.28801510818283,5.07139517902176,-1.17849811524435,-0.845041079906933,0.183918955329833
2007-11-01,3.82779010660632,3.88732929085838,3.93057718522971,3.96188741135555,4.02330551647936,4.05144800809043,4.08116362749195,4.11839462163782,4.16090995891706,4.20527504482992,4.24881291967967,4.3276384879656,4.75382562647035,-0.892967944248428,-0.126989726177256,0.183918955329833
2007-12-01,3.8781903520785,3.8882940734689,3.8880000162807,3.88171286049109,3.84456900700929,3.83265909217242,3.85409030219925,3.8985421013211,3.95499833642296,4.01553600194953,4.07528897977878,4.18329670603264,5.87234101628877,-1.95241884509707,-2.75163968298628,0.19388672067282
2008-01-01,3.81224359598554,3.89042608603434,3.9291668946005,3.94545852688459,3.93982718851645,3.94000622989793,3.97076572605981,4.02162909694577,4.08150905865698,4.14307351347558,4.20218762466727,4.30625350927703,5.59130036111199,-1.70463331982384,-1.71649499291542,0.183918955329833
2008-02-01,3.83064628031613,3.80140636727999,3.76736365543695,3.73383603465377,3.6437861355544,3.63259932927967,3.6750502717948,3.74594003903195,3.82857590233898,3.91311452355947,3.99421472625764,4.13737729069102,5.23488668600752,-1.32658309562334,-2.8579344153526,0.341567679470276
2008-03-01,3.83856168274659,3.68166779108892,3.55987570183312,3.46705950387237,3.29650871384871,3.30965550243972,3.4028766821023,3.52592311967646,3.654543477701,3.77745940661982,3.88994859926376,4.07956602811375,4.94405897354858,-0.916369367185293,-4.00109562552903,0.551787926790903
2008-04-01,3.86637229856187,3.74626552510197,3.64715920312632,3.56644366472341,3.38507780276078,3.35441863420653,3.40639495726953,3.50015190357057,3.611640190183,3.72711101387887,3.83906462669947,4.03955748425445,5.23739819602733,-1.23177773927103,-4.15122509270016,0.421945088329069
2008-05-01,3.89102388672798,3.86117491516735,3.83404308276446,3.81020160278011,3.75190859001207,3.74922533443173,3.787755076807,3.85185581140434,3.92910758445459,4.0109190859314,4.09188210144579,4.24039146248171,5.41430611244944,-1.46826317625745,-2.75468974873863,0.311863771714541
2008-06-01,3.8832467401467,3.94838503393057,3.98908452799231,4.0123851307486,4.02134045301042,4.00477705283856,4.01364469540457,4.05105190154149,4.10768337896345,4.173741438975,4.24205945461256,4.3698729987274,5.75706648496187,-1.7927945103615,-1.9776025160704,0.183918955329833
2008-07-01,4.07880549906049,4.24004529153436,4.35411700600716,4.43296343132869,4.55079951943396,4.54991382189118,4.53745829502081,4.53897834677518,4.55483505246741,4.57975774955755,4.60879639606422,4.6671714516902,4.57262789132167,-0.589006796381307,0.701887604666941,0.999950705261653
2008-08-01,4.21079752251436,4.28731936394212,4.34365031444766,4.38434241324816,4.45369804035596,4.46164469379821,4.46253981387794,4.47269371014232,4.49383288247235,4.52308170520588,4.55688860035252,4.62741157441256,4.58513472170404,-0.391348114873032,0.0475585541101387,0.999950705261653
2008-09-01,4.25134550450975,4.24324394414404,4.22723325011016,4.20662642593487,4.11859441314913,4.06493091587244,4.05683557320268,4.08403241371195,4.13303583259569,4.19286009033725,4.25599982191974,4.37604356821096,6.70250262849659,-2.38859891232657,-4.10767442559486,0.183918955329833
2008-10-01,4.18080041975017,4.13263332434775,4.08813875312673,4.04808626969123,3.93776497511155,3.90199446816256,3.92139491909454,3.9752908217496,4.04749131305119,4.12693157653032,4.206720170781,4.35361325217772,5.62072561999833,-1.3638420647614,-3.21657716563893,0.311863771714541
2008-11-01,3.18938095096957,3.40012877199296,3.27127271256619,3.11338022130707,2.99314236592499,3.25217343226134,3.5212210944225,3.73450093500997,3.89579603901136,4.01820726067758,4.11281309406456,4.24776040453819,5.123170324567,-1.62873397235395,-3.7494023686688,0.652082396417305
2008-12-01,2.30164026184866,2.4396126308171,2.45316924805092,2.44245214451953,2.52676401954672,2.77359484956946,3.05004779396602,3.30223476393148,3.51644498974733,3.69363936417619,3.83917717141307,4.05830840281191,5.38029142111452,-2.98629886672956,-3.35071290419712,0.47818961220653
2009-01-01,1.92382669736985,1.89858390242704,1.93203715452177,1.99493219556212,2.31889877428789,2.61843281874689,2.86894653904151,3.07769757648023,3.25253949194554,3.39952641150796,3.5232060320965,3.71379951513463,4.3425166495552,-2.41174231079861,-2.85787129430578,0.797010619527928
2009-02-01,1.42252825692732,1.34794597478463,1.37373622237762,1.45173854689808,1.89894109106357,2.3101648605375,2.64718308850693,2.92736540756271,3.16460245075676,3.36759491299707,3.5420286496591,3.82039272535351,4.68882615115812,-3.25573828009987,-4.08601835709756,0.797010619527928
2009-03-01,1.02586280147631,1.00866924157973,1.05304732602798,1.13506831335362,1.60055998797096,2.07108234065118,2.47820444713579,2.82289369573373,3.11500226247083,3.36321301594298,3.57418391165519,3.90390068031638,5.19787304864779,-4.21675796473178,-4.38589995118766,0.652082396417305
2009-04-01,0.856491703403134,0.77915956176209,0.835408230935124,0.954262709478877,1.54414798166617,2.04528148180198,2.44762300711082,2.7813855083369,3.06452893872194,3.30732434272828,3.51631801329495,3.85043720981876,4.87191884655725,-4.04901202142741,-4.62993161414381,0.797010619527928
2009-05-01,0.791059734963401,0.764184134336199,0.855284473023696,0.993886300789391,1.58605724137784,2.06470372858002,2.45200241560061,2.7776780564032,3.0568421387151,3.29796162341016,3.5065886041219,3.84194740787443,5.02610126539738,-4.38230453732408,-3.64318603258211,0.652082396417305
2009-06-01,0.749430990504425,0.72332001825991,0.792110107337364,0.90980948868143,1.49534385755994,2.02099138535845,2.45448638063399,2.81675739620698,3.12393259639595,3.38635529777145,3.61107721104078,3.96724970204716,5.31318046536995,-4.68052831583141,-4.310895332413,0.652082396417305
2009-07-01,0.770068661629275,0.753182576256352,0.835073749113983,0.967194824208768,1.60515034552324,2.16646421412053,2.62123735391064,2.99402406339344,3.3037748043613,3.56302930443161,3.7805812081678,4.11570154531924,5.23187934710777,-4.49904672613579,-4.81909334630736,0.797010619527928
2009-08-01,0.494837326213457,0.496581443869395,0.606254533360199,0.759742550142601,1.41209625684117,1.95367420651318,2.39467069062204,2.7622306387103,3.07278933557832,3.33668908009954,3.56117236790687,3.91293924708797,5.22934719214724,-4.89641764508795,-3.9248064877727,0.652082396417305
2009-09-01,0.452128429613254,0.443766277572827,0.604231405705313,0.807775337351762,1.52141115935681,2.02751008652912,2.42019652811358,2.74155165411999,3.01019370473569,3.23672209131084,3.42832950010689,3.72730553706694,4.64423622662317,-4.37024510864072,-3.4409391534094,0.797010619527928
2009-10-01,0.403829942391063,0.4061874520218,0.518937730796604,0.676570372264229,1.33574119411714,1.86661278079993,2.29121689973312,2.64180222238117,2.93613350037628,3.18501262643611,3.39597402544575,3.72605886289019,4.97278217927134,-4.75455848024027,-3.57096665743224,0.652082396417305
2009-11-01,0.463632662802066,0.505235475800085,0.64146902930964,0.804787753207341,1.41183639955455,1.88787061108332,2.27876809493589,2.61020316809964,2.89465753151006,3.13971058961807,3.35079825295449,3.68751515917374,5.01407291402664,-4.74466731744529,-2.81565075737691,0.551787926790903
2009-12-01,0.463046169296732,0.50752745431137,0.630334545718187,0.780392393373402,1.36697518912782,1.84387652056062,2.2391696837153,2.57564426689654,2.86521352282156,3.11527524939942,3.33118881099714,3.67689301964119,5.04917945107259,-4.75957108641954,-3.05542464270568,0.551787926790903
2010-01-01,0.38093879118015,0.488487110168291,0.627530878474592,0.773622838748629,1.31918245435865,1.78179045102745,2.17714219403986,2.51735768042772,2.8107720793653,3.06376469561157,3.28153279884961,3.62831377795168,5.31202381021631,-5.1064467972049,-2.25603096260421,0.421945088329069
2010-02-01,0.308116749503837,0.406489610535883,0.554147447042931,0.714020144920276,1.3033170380737,1.78656323652301,2.19400937786033,2.54320633716697,2.84397108700373,3.10311421745448,3.32598157966834,3.68006179557887,5.23649919836209,-5.11104103897662,-2.57135940309654,0.47818961220653
2010-03-01,0.317559827768373,0.386605345935119,0.503624321099281,0.638754898820528,1.18266583553715,1.65551350365984,2.0604145819639,2.41003901936003,2.71327536163987,2.97646188033188,3.20447376445985,3.57029567878029,5.21761478209185,-5.06183776349169,-3.05329802039158,0.47818961220653
2010-04-01,0.300271718319358,0.384188437076973,0.48430271352373,0.594829227376014,1.07335821282621,1.53522693817505,1.94813237451283,2.30932913266633,2.62318293600815,2.89507600200221,3.12994480014797,3.50510876631833,5.26340239837815,-5.07381661324556,-3.5620344202913,0.47818961220653
2010-05-01,0.318869621547562,0.413446202848467,0.513747154393964,0.618323797628979,1.05740993462363,1.49437564556608,1.90216898172948,2.26883549982681,2.59067127649212,2.86838266761909,3.10490848365026,3.47044426591018,5.26271974920889,-5.02084661933628,-3.75654352197867,0.47818961220653
2010-06-01,0.258079838054395,0.319996708238774,0.390344811348735,0.467672274604312,0.82318359044845,1.21084979256417,1.59414624392582,1.95283906251671,2.27696887419811,2.56290008459137,2.81074994830143,3.20212904645427,5.34904057412112,-5.14716701894257,-4.25268164382753,0.421945088329069
2010-07-01,0.23398974796958,0.245348609890696,0.275992585083663,0.322816604911406,0.622054654281388,1.01360328674441,1.42323653374439,1.81101591714654,2.15780561435323,2.45671483309319,2.70773740572269,3.08203823577419,4.86328119641877,-4.57429079619062,-5.39682397167165,0.551787926790903
2010-08-01,0.439049564411093,0.460873341377535,0.495993459069232,0.542407751307133,0.808183928393848,1.14324056353414,1.49493601851713,1.83293836710023,2.14122015937548,2.41271677256546,2.64579726520445,3.00436727458754,4.85798191267463,-4.40808503625805,-4.67272597364279,0.47818961220653
2010-09-01,0.439916414752069,0.443547545623863,0.46169115914091,0.49223478990972,0.703756415133712,0.995954382594466,1.31301367973445,1.62254817875544,1.90718331825002,2.15894809261315,2.37557651338648,2.70930523012064,4.45411690477379,-3.98654477016086,-4.5605915325805,0.47818961220653
2010-10-01,0.427743221021971,0.449608632181753,0.482589131833334,0.525013592576906,0.761694552250543,1.05612047576597,1.36395119384101,1.65951132607162,1.9291665053935,2.16687338135163,2.37121977321989,2.68636454797264,4.30281491858954,-3.86653020663183,-4.06031821711496,0.47818961220653
2010-11-01,0.652572844424633,0.670926100670742,0.698795461111426,0.734861421206384,0.939042539540712,1.19838982601052,1.47503667839719,1.74578018142484,1.99728835098372,2.22275491079816,2.41958306798871,2.72896997454697,4.48671121651687,-3.83994487123602,-3.87171167132503,0.421945088329069
2010-12-01,0.702095788678799,0.72702629951016,0.761464116168061,0.804047598193223,1.03318018808975,1.31480950146635,1.61055858271975,1.89718266186372,2.16152818946458,2.39705433859947,2.60144945496426,2.91956590678103,4.49992824737977,-3.78025432944428,-4.01369625936341,0.47818961220653
2011-01-01,0.538506276241932,0.570906950968394,0.619181192132993,0.680588958224944,1.0138276446821,1.41190024794267,1.81153785456758,2.1799374988152,2.50254213752559,2.77534095862401,3.00008838453441,3.32499730161763,4.95847595210917,-4.41228479602429,-4.63703960584394,0.551787926790903
2011-02-01,0.511861075929303,0.594829888688482,0.683761921784357,0.777381380891463,1.1782489641359,1.58583834755303,1.97031199682941,2.31653132145815,2.61844133437103,2.8754067966026,3.0898502234757,3.40773241754632,5.09004585593539,-4.65470576898977,-3.49848869194186,0.47818961220653
2011-03-01,0.658964983893308,0.789998335174125,0.91746040000636,1.04136402704121,1.50188900449355,1.90810101029793,2.2632398696726,2.57115925332539,2.83600146841224,3.06196994383746,3.25317450150995,3.54669664433146,5.04926169525381,-4.51980757522885,-2.01441041861008,0.421945088329069
2011-04-01,0.801677919009355,0.942418530065292,1.07755558114912,1.20729782294919,1.67623437876576,2.07369509687071,2.40982692778452,2.69337521191564,2.93187406919017,3.13181130643887,3.29877119710067,3.55230314945808,4.73590125721808,-4.06841254150208,-1.70996238803297,0.47818961220653
2011-05-01,0.934196570251698,1.08494216152077,1.22864652142394,1.36563634448169,1.85246846239812,2.25434610136722,2.58597729375472,2.85952803036864,3.08506220477669,3.27090516344287,3.42394419074319,3.65341672416033,3.96987299625607,-3.19284064137537,3.83074632953342,0.183918955329833
2011-06-01,1.03525949819452,1.15311229095707,1.26647313289903,1.37551057275149,1.7715743796402,2.1103584606687,2.39992877070988,2.64719638629278,2.85809043747695,3.03770324741925,3.19041256726624,3.42966275363332,4.66990604503631,-3.75714826745695,-1.12052806924373,0.377545764892034
2011-07-01,1.17422190356434,1.22685171765254,1.28446558117315,1.34614973702979,1.61875664132636,1.90656337930359,2.18680060612455,2.44703965508564,2.68137070366744,2.88788470451276,3.06703161278207,3.35087282654302,4.88149491492186,-3.75400846256389,-2.95343931537917,0.421945088329069
2011-08-01,1.14830266269212,1.17444251391701,1.21021205802838,1.25405889817502,1.48512244732982,1.76112728413057,2.04374713999885,2.31185392018834,2.55496606041124,2.76902603669398,2.95370690851792,3.24275721316551,4.69046310253435,-3.54344401630297,-3.56928366137149,0.47818961220653
2011-09-01,0.733701522256662,0.721336027850785,0.725105855333262,0.742662053023032,0.91262214008597,1.17455431868542,1.46879959681726,1.76126859212977,2.033782511183,2.27786988754769,2.49081452219672,2.82718615622672,4.53599448909087,-3.75367608752309,-4.6622166150562,0.47818961220653
2011-10-01,0.39193281828996,0.411327063444807,0.441141823456013,0.479761078972839,0.696110185455861,0.965250983974704,1.2467623016243,1.51798044438244,1.7672625521861,1.98965373964556,2.18412552259499,2.49505763308309,3.99975529618732,-3.5915971235176,-3.84905462490369,0.47818961220653
2011-11-01,0.355360314135211,0.413540360412771,0.476057953326484,0.542169034790716,0.83018563999469,1.13331701718982,1.43089342819839,1.71067757503523,1.96608361661884,2.1942423120775,2.39466403573415,2.71703733751185,4.39627913451951,-4.07828139782559,-3.32734412828804,0.421945088329069
2011-12-01,0.317976706489704,0.385175391382448,0.457374336704341,0.533619803282393,0.863537965185589,1.20580477477784,1.53631358502363,1.8417869613332,2.11586031636731,2.35648006799539,2.56418742493604,2.88967829244681,4.65861103454361,-4.40180896961378,-3.33581791552528,0.421945088329069
2012-01-01,0.0509097650983927,0.0894256118688513,0.143826884189146,0.211035735042985,0.560439558556696,0.960729393500686,1.35072287861463,1.70209534987299,2.00459330195517,2.25746740410219,2.46458101105205,2.76493382552527,4.29481267595406,-4.26599387027804,-4.16892888738587,0.551787926790903
2012-02-01,0.0735626427808851,0.0954469074799356,0.133028105278029,0.183649864559508,0.474467512200712,0.834676356015026,1.20411733188409,1.55132995811158,1.86171234456247,2.13031193631879,2.35747329594167,2.70085698657629,4.28119626775338,-4.16780136991461,-4.72058485971541,0.551787926790903
2012-03-01,0.136839495527524,0.139235183743812,0.158178174245383,0.191261869600916,0.425474515797605,0.751546474953966,1.10564036741497,1.45071146868253,1.76694037978522,2.04532086716676,2.28340985377463,2.64608574870776,4.58449255201822,-4.42050550777695,-5.04535807703338,0.47818961220653
2012-04-01,0.0648243948121499,0.0810354998155906,0.110305384194577,0.150828627175534,0.395340745419159,0.716273089890947,1.06221087609063,1.40179112538289,1.71707964431898,1.9989712570785,2.24402140320841,2.62586699617504,4.53812413617488,-4.43693504508043,-4.99404692955902,0.47818961220653
2012-05-01,0.057259343451768,0.0726499461061406,0.0999678890624226,0.137661144574345,0.365960452485173,0.66908555978903,1.00016955565727,1.32948175052248,1.63915029143623,1.91937858953491,2.16575307871724,2.55538610387225,4.74925154668096,-4.68219529586132,-4.97246677823304,0.421945088329069
2012-06-01,0.0564165643326421,0.0498917642197603,0.0572860325922674,0.0768015308015217,0.245904702650621,0.504594509533259,0.800119532238006,1.09952370505144,1.38327546583474,1.64079610681916,1.867345997739,2.22557079963008,4.2949980075925,-4.21331938471966,-4.88493047233104,0.421945088329069
2012-07-01,0.0509507751580232,0.0458970116717129,0.0542292025832227,0.0741815937624712,0.240682581670355,0.49137639106208,0.775443041779134,1.06156450953291,1.33151061827058,1.57567649230777,1.79000476841948,2.12874176076483,4.09172652005057,-4.02153101068677,-4.59991555868325,0.421945088329069
2012-08-01,0.0214733620517264,-0.0167772509975735,-0.0381460667719703,-0.0446573746413165,0.0437202128172156,0.25114710341278,0.516555546796655,0.800869048923003,1.0800696198521,1.34030482269851,1.57445882571996,1.95619199517777,4.11008365057256,-4.0145219339446,-5.53264405639986,0.421945088329069
2012-09-01,0.0278298920768093,-0.0206731356286842,-0.0508955923775128,-0.0650062929444643,0.00304424302622326,0.2015271636278,0.464728856306199,0.750465021384433,1.03269441455124,1.29629668286333,1.53340616569862,1.91843888010077,4.12327980622937,-4.01117340283476,-5.755674126068,0.421945088329069
2012-10-01,0.018370956963563,-0.00564320162026995,-0.0163919168411864,-0.0152944756741879,0.0830470010422877,0.284169676522592,0.540524179163072,0.819562381523151,1.09962640051877,1.36688735757599,1.61307645919697,2.02737738393083,4.53023643028529,-4.4546661993275,-5.71259441691882,0.377545764892034
2012-11-01,0.0158950565092017,-0.00271996626820541,-0.00954280217562954,-0.00579223637293936,0.0937529783157577,0.287058076477167,0.532048990042319,0.799393321615649,1.0691667186211,1.32832828266084,1.56881725237957,1.97823361525027,4.73380336086961,-4.68383923705937,-5.66473066030324,0.341567679470276
2012-12-01,0.0243205650990006,-0.0055452144156446,-0.0228510421357275,-0.0288581188297411,0.0381324997484233,0.20759870728524,0.435608394288421,0.691325022968038,0.953612561100503,1.20845899421944,1.44702943263736,1.85747475686936,4.62276058629718,-4.54870699148282,-5.86781906473004,0.341567679470276
2013-01-01,0.0486628377921782,0.00723730962484546,-0.020675167004109,-0.0364049905657259,-0.00068986488302864,0.147222909477624,0.360796076862102,0.607248485108731,0.86399783180668,1.11596091934134,1.35351325264823,1.76536000434054,4.55578615521405,-4.44299139693837,-6.09309071705241,0.341567679470276
2013-02-01,0.0440827650839237,0.0395258308080671,0.0439314677975796,0.0564002998042627,0.17115696480123,0.358546115829598,0.586504941921774,0.832229200833697,1.07987503290125,1.31878969181727,1.54215467271004,1.92816570245732,4.41439194733987,-4.34196064612921,-5.01887968384033,0.341567679470276
2013-03-01,0.0367464883415275,0.0425835085384098,0.05583488999167,0.0757826082342032,0.209845855126012,0.405288472888717,0.635457216529283,0.880931971806707,1.1278592059985,1.36663922106463,1.59089560440663,1.98179131196501,4.72350983429996,-4.67832913253812,-4.96792338124908,0.311863771714541
2013-04-01,0.0421133060889481,0.0250196643206544,0.0174493332445475,0.0185349018615913,0.0940765079053917,0.252633353895382,0.461688908075483,0.697356631780132,0.942401931955291,1.18468473914171,1.41593712483298,1.8261150143667,4.75643195988268,-4.67694387752262,-5.69714832451139,0.311863771714541
2013-05-01,0.0344229214129046,0.0174189758651278,0.00866993774200077,0.00747360021952317,0.0656756084177289,0.199113501928013,0.380445336847455,0.589104025685951,0.809846313097924,1.03159020525378,1.24648596121829,1.63620671311216,4.67453373293376,-4.607761550997,-5.58937224866446,0.286927551021278
2013-06-01,0.0248409254030709,0.00712877597949464,-0.00164312908753255,-0.00226862070430682,0.062597444431872,0.206773423793186,0.400119628949776,0.62031398593417,0.85109754599461,1.0808856496171,1.30167177967774,1.69711576074346,4.4914310660116,-4.42511721298728,-5.4883927321656,0.311863771714541
2013-07-01,0.0335516159316032,0.0494564484716567,0.0713329675016056,0.0985940853657331,0.251092345034932,0.452227642791124,0.680069593778841,0.918585554049435,1.15630228755447,1.38524726383117,1.60011384387101,1.97592219390983,4.54524297952818,-4.51167030779275,-4.52010150676101,0.311863771714541
2013-08-01,0.0197723381432387,0.0186541227160709,0.0263037816787508,0.0418324913197194,0.167171780590856,0.362862075931314,0.597236195413505,0.847799392601594,1.09895845590637,1.34027005240593,1.56509504427771,1.95182194084699,4.44582472785811,-4.40264669414039,-4.97608344519909,0.341567679470276
2013-09-01,0.0176438044163708,0.0285895865193161,0.0478663530536041,0.074546320307767,0.239218729797326,0.465284021071537,0.721250275247098,0.985468904342227,1.24352727549634,1.48627741549801,1.70835294265733,2.08155142757875,4.53018659182484,-4.51393066847904,-4.6329321520445,0.341567679470276
2013-10-01,0.0205651623638105,0.0348791290837832,0.0578879260569126,0.0885901968231257,0.271056621156248,0.515532238832202,0.788721125457448,1.06805250958245,1.33875896093532,1.59168718012912,1.8216664324561,2.20507760933787,4.45109823893222,-4.41864399805115,-4.669359573172,0.377545764892034
2013-11-01,0.0375689808741559,0.038995018215911,0.049784328442115,0.068935110592654,0.21174974054772,0.426465878875315,0.678675231057465,0.944505252257782,1.20785953547145,1.45832618112217,1.68959984148979,2.08307675832235,4.65783696781415,-4.60670993272988,-5.04430267067132,0.341567679470276
2013-12-01,0.0567041372389333,0.0398018741991637,0.0342040492196325,0.0387499097749515,0.138178796592631,0.328019989313465,0.56810655815117,0.830381379908605,1.09573519519594,1.35161146894207,1.59020009470351,2.00021897498032,4.71705706627887,-4.62433866872467,-5.59518513756623,0.341567679470276
2014-01-01,0.118601472799766,0.105414300272013,0.104154888496877,0.113502158666122,0.234231438542158,0.444478528574596,0.70078276549704,0.973775848318738,1.24423293785858,1.50015103160886,1.73459887748428,2.12771422279383,4.49377783902861,-4.3346371101121,-5.2589746210536,0.377545764892034
2014-02-01,0.111668383445411,0.0941931973067673,0.0892752077783615,0.0955099826346986,0.207886198330479,0.41389969274108,0.667937688906678,0.93942100105326,1.20850982669978,1.4629490648309,1.69576381892009,2.08545605213126,4.45377489392987,-4.30008227040438,-5.29651581827153,0.377545764892034
2014-03-01,0.119399341014426,0.0875404339438834,0.0687317982864854,0.0616129969477117,0.126503127486298,0.29501528136377,0.521208487927808,0.773454532747114,1.03054642422947,1.27879195321203,1.50985355362409,1.90469415522677,4.26140328749186,-4.07274476868589,-5.53540802717387,0.377545764892034
2014-04-01,0.169184835315732,0.13964899027815,0.121750981938322,0.114333640619817,0.169302885628102,0.320040374155475,0.52612237898789,0.759112561633952,0.99946222273105,1.23415655088859,1.45493495252348,1.83777601807399,4.3959453077157,-4.17596584736809,-5.47594737707865,0.341567679470276
2014-05-01,0.150010052623533,0.127926804309379,0.115801326831701,0.11268309638398,0.173592082746539,0.318738126150937,0.513795227051295,0.734117135787732,0.962367150439287,1.18668722433263,1.39928893927342,1.77230966862309,4.19168095831168,-3.99116673573717,-5.16083213113579,0.341567679470276
2014-06-01,0.122430429707747,0.0921088621210878,0.0720906118603314,0.0614264317193198,0.0955885040819315,0.219263988789179,0.397658198567776,0.60553906559674,0.824944989263694,1.04340399083764,1.25255495573219,1.6239104432792,4.35518990488582,-4.18726083748518,-5.49661435813049,0.311863771714541
2014-07-01,0.0585596971993179,0.0281996206751517,0.00774755880203017,-0.00367925841683209,0.0252496425944224,0.142214595916246,0.314237043622473,0.517112264420715,0.733370572484429,0.950679800543119,1.16059754023344,1.53832977526199,4.26462260803235,-4.15410624131685,-5.5382448834718,0.311863771714541
2014-08-01,0.0458863130973327,0.0156930045099644,-0.00560977680364482,-0.0187814894009805,-0.00365708730891734,0.092645848369214,0.241135765982515,0.420243734773929,0.614160661901935,0.811521568476927,1.00436751988277,1.35698785448904,4.1808635900068,-4.09205218840004,-5.41910901985398,0.286927551021278
2014-09-01,0.025820343884053,-0.00197670655686229,-0.0219726027317015,-0.0348188399685489,-0.0263178999478097,0.0544133137183102,0.182211624083336,0.338220333305956,0.508505786571496,0.682956646145279,0.854410540873028,1.17042441504794,3.68165200737976,-3.61378179652155,-4.85869412827174,0.286927551021278
2014-10-01,-0.0224019105961315,-0.051724752369268,-0.073164518259705,-0.0873663905962366,-0.0833185639700315,-0.00538854002360277,0.121255140171019,0.277634471673429,0.449627944860575,0.626904442798929,0.802073515674499,1.12731977352867,3.69373317769945,-3.66956213854996,-5.00252618393319,0.286927551021278
2014-11-01,-0.0230507868894334,-0.0487294415105776,-0.0676104996865459,-0.080233572015652,-0.0778195089905794,-0.0105767705698409,0.100096901448565,0.23790538753358,0.39058890862,0.549065965959184,0.706743900758347,1.00257250082116,3.57934270613668,-3.56683658876659,-4.73788352703233,0.265680148272514
2014-12-01,-0.0200735164953189,-0.0436982427724354,-0.0613543366722139,-0.0734940692369368,-0.0750379538700564,-0.0181775252051024,0.0787457634499572,0.201570409532176,0.339479530504431,0.484321117884624,0.630056119184084,0.908018661992332,3.55017521719507,-3.53976089595748,-4.64575223768768,0.24733284073694
2015-01-01,-0.017384082226215,-0.0392743342977247,-0.0560650619326152,-0.0681285002417369,-0.0758419882206259,-0.0326668436902931,0.0460386717505613,0.14829258325575,0.264838346983607,0.388610871031698,0.51429932223272,0.756875222801043,3.04813236304846,-3.03484004638029,-4.08197077956236,0.24733284073694
2015-02-01,-0.0741118106154924,-0.11047126018427,-0.125617697444268,-0.131840647183648,-0.133403488645191,-0.109809594698414,-0.0556617277282734,0.0229307689856263,0.116543915561185,0.217164129678462,0.319009416249021,0.512444280082229,2.56536337117457,-2.62577185645772,-3.53544430722247,0.231400254486915
2015-03-01,-0.184783535181562,-0.232233858215493,-0.224572144451948,-0.206666593973444,-0.180047860964862,-0.169583456577045,-0.124169985972739,-0.0484174306433785,0.0436017493145121,0.140829327084647,0.236340178325757,0.409044302356863,2.90643259608515,-3.09702376474033,-3.60221733331252,0.183918955329833
2015-04-01,-0.202720620520422,-0.25522573185948,-0.250344996514447,-0.233438461963593,-0.201481108768044,-0.185648635959143,-0.142250730129049,-0.0751734840507206,0.00394478967099919,0.086162367069358,0.166024109946303,0.30878696524861,1.93264045725404,-2.1488275416084,-2.53089761541822,0.21738090954922
2015-05-01,-0.266381470775074,-0.301631233939027,-0.292185618140818,-0.274949042051714,-0.237467156062794,-0.211202468569763,-0.165187245140943,-0.103162750306196,-0.0335403654622961,0.037338072541786,0.105601491078115,0.227268337696905,1.54877811462957,-1.82933396644088,-1.94830377952172,0.21738090954922
2015-06-01,-0.27707681917764,-0.269699401219546,-0.262931690397455,-0.255511532230399,-0.206591168987937,-0.120530495521385,-0.00690524578960571,0.119872451812589,0.248218821574145,0.370723161712653,0.483453348968948,0.674882078724565,2.09967929540645,-2.35959581022917,-2.64504971199777,0.311863771714541
2015-07-01,-0.253584916144812,-0.24680750328734,-0.243446921523167,-0.24029109188212,-0.198074566146973,-0.0916594819050894,0.0610605016599034,0.233604740352292,0.406449623250751,0.568408964368377,0.714440521044879,0.955597112089911,2.67290343629966,-2.88642646211255,-3.53789409506542,0.341567679470276
2015-08-01,-0.261852265552014,-0.270580939559316,-0.276821668834173,-0.279541145562999,-0.247888297674526,-0.153523918834395,-0.0170902017965141,0.140688827924416,0.304633520134113,0.465014655437876,0.616166137861982,0.880732662838299,2.84769279757937,-3.07482969409222,-3.8785052238662,0.311863771714541
2015-09-01,-0.253184074701476,-0.268992747038704,-0.278784956697126,-0.283098482253329,-0.25507323055124,-0.173691156717546,-0.0589938398785054,0.0743254759033275,0.215671437079646,0.357569120986936,0.494902342346443,0.743789606488317,2.7227232239703,-2.95383134432713,-3.68848337499502,0.286927551021278
2015-10-01,-0.265773697704703,-0.275785405749611,-0.281097346977168,-0.281938442374304,-0.245987777195015,-0.160778468115604,-0.0432306480625441,0.092828148826808,0.236942473207183,0.381604615170267,0.521660461983486,0.775834425265443,2.75978939968065,-3.00242329856815,-3.65767622700195,0.286927551021278
2015-11-01,-0.320639478097247,-0.309882311539522,-0.304075185763338,-0.300732343629925,-0.28214950758268,-0.225371719512416,-0.127362443637203,-0.00159821937760716,0.137081224814684,0.277256916750917,0.411576085130284,0.648856186836512,3.19039134878643,-3.47860047860871,-4.04494602806682,0.231400254486915
2015-12-01,-0.366894633891401,-0.360118187164035,-0.35864804084492,-0.359631404240289,-0.354173030608498,-0.300644856925884,-0.197131238458818,-0.0602028375122881,0.092472767197525,0.24747431436828,0.396228607398937,0.659011361565349,3.2814899494194,-3.60171116701643,-4.4709049234758,0.24733284073694
2016-01-01,-0.397100422087524,-0.379744369519586,-0.370023550313805,-0.364464455571801,-0.342247665827276,-0.278097492435629,-0.166117048112442,-0.0223906051326882,0.135299468598743,0.293560958199221,0.44405037293089,0.707056813469688,3.28845238524624,-3.64160280667399,-4.2770673830669,0.24733284073694
2016-02-01,-0.452959854474325,-0.437933990174272,-0.429643384751922,-0.424946726631022,-0.404320695291202,-0.342490550251519,-0.234249448689231,-0.0948382906325691,0.0587459283176583,0.213529960257579,0.361290939739405,0.620817749312197,3.40973258867955,-3.82506552563524,-4.42639090379608,0.231400254486915
2016-03-01,-0.4689412662158,-0.468095614486321,-0.471845458726308,-0.477675932574054,-0.491684224073181,-0.461006585573817,-0.383364471952351,-0.273285993793651,-0.146637109096452,-0.0157129098343518,0.111436268686249,0.338624808790378,2.87547035248662,-3.29982809462528,-4.2689437915129,0.231400254486915
2016-04-01,-0.483867097639996,-0.47935249577511,-0.480275081867044,-0.484035500211572,-0.495564368652517,-0.467892223956113,-0.395040275482249,-0.289475866345403,-0.166181497380685,-0.0372597765552058,0.089093154156333,0.317219890818245,3.04232655177898,-3.48197405874269,-4.40760274797374,0.21738090954922
2016-05-01,-0.552234358536256,-0.542135069612998,-0.52412896583802,-0.510018913952669,-0.499475586050334,-0.484072233480219,-0.423506529102596,-0.326924613500382,-0.211264730792916,-0.08972755366363,0.029338462755276,0.244061109281705,3.30891910960645,-3.82138908116543,-4.39682215696014,0.183918955329833
2016-06-01,-0.554197960203187,-0.542472727145771,-0.536288614500168,-0.533436285814167,-0.527096289746407,-0.496202169345536,-0.430517911179568,-0.337276166059475,-0.227611695964373,-0.111397214273799,0.0041810367240472,0.21716429504077,3.24899234370583,-3.77081794370929,-4.35827884810225,0.183918955329833
2016-07-01,-0.580494093838414,-0.577187641069591,-0.578192942059254,-0.58141672002705,-0.591021684134099,-0.568953579624772,-0.510984574414507,-0.427314571996066,-0.329894998908891,-0.228258026716936,-0.128795912367292,0.0505879933163652,2.20241232590168,-2.74845288543687,-3.47980223934407,0.21738090954922
2016-08-01,-0.658429391663445,-0.650917160685077,-0.649483305207941,-0.651713502221527,-0.666859525316143,-0.657592651650034,-0.613715811300348,-0.542912741280397,-0.456353846010592,-0.363570335152528,-0.271242682013267,-0.10232619575515,2.46673142446756,-3.08918145378462,-3.84850932046249,0.183918955329833
2016-09-01,-0.648382743886472,-0.639715159966572,-0.636872817078541,-0.637665628760376,-0.649085591486304,-0.640737353328665,-0.601268462148902,-0.536440109120496,-0.455975710436725,-0.368600286880627,-0.280674994824202,-0.117590472231887,2.28763322114056,-2.89996665691588,-3.60213908017583,0.183918955329833
2016-10-01,-0.667248035521879,-0.661238126292844,-0.660424336462892,-0.662667583239372,-0.675082170826842,-0.662123808909953,-0.614705743433786,-0.540228057551708,-0.449521778773912,-0.352012228859045,-0.254468840949572,-0.0744072569407835,2.62101656890203,-3.25341759305282,-4.02223131220877,0.183918955329833
2016-11-01,-0.781061783726362,-0.761664028001266,-0.7468017595964,-0.734878242821236,-0.695666326555064,-0.644640366711517,-0.572154510782016,-0.481927331808715,-0.381231332094163,-0.276917015474003,-0.174150632253067,0.0146928048036072,2.44122199822839,-3.20580515086927,-3.21088138858037,0.183918955329833
2016-12-01,-0.791171440942619,-0.776657057584972,-0.765305333657075,-0.755100530943607,-0.703315785380645,-0.615741267125468,-0.496619869193246,-0.360469225702141,-0.220365979787946,-0.0851711871272682,0.0401519888067415,0.254334739444696,1.98694421384745,-2.75775693977432,-3.00441630641379,0.286927551021278
2017-01-01,-0.838555014382019,-0.813419431414476,-0.801517319898962,-0.796656566267465,-0.778582795263875,-0.701988103677313,-0.566402271070053,-0.39899636141081,-0.223908114082402,-0.0562740298034458,0.0963984776062454,0.349438229457511,2.5683793901311,-3.3522735365804,-4.03632411288409,0.286927551021278
2017-02-01,-0.739465373232538,-0.729326177292283,-0.728335282201749,-0.731596256342948,-0.732601805784177,-0.667828251672046,-0.541149708114336,-0.379430154999803,-0.206632340899395,-0.0383813040033165,0.117009020991529,0.37872459313633,2.68509943812823,-3.36482075577501,-4.34643587723108,0.286927551021278
2017-03-01,-0.785489864743411,-0.790976499943345,-0.801213457697621,-0.812185930918508,-0.821368867156152,-0.746878812312379,-0.605243774952034,-0.428440057031381,-0.242240263369812,-0.0626857656439832,0.102035168124712,0.377700553130121,2.35145066486075,-3.05712242561955,-4.38565039534258,0.341567679470276
2017-04-01,-0.857241154587469,-0.850564079385143,-0.846271029966859,-0.841774688299873,-0.795023265072014,-0.686172312005973,-0.529727648025953,-0.350197697957538,-0.1672314657803,0.006896302945827,0.165945044903821,0.432282249037866,2.26291411102559,-3.07282414735809,-3.80606633709954,0.341567679470276
2017-05-01,-0.787036789871338,-0.787323197475814,-0.791503748495311,-0.796328143833263,-0.787677889418881,-0.710680117281071,-0.578270596736103,-0.416684262599873,-0.24747018329701,-0.0842792998698836,0.065775361421173,0.31803687155595,2.32306943895121,-3.05790336176627,-4.0123656312758,0.311863771714541
2017-06-01,-0.739503534172624,-0.733337265725853,-0.73034324292854,-0.727949790898378,-0.696303921067331,-0.608316964959917,-0.472750549187687,-0.310938962136089,-0.141508870851017,0.0230614201890429,0.175814472823088,0.436167152318447,2.40109153629807,-3.09440670917297,-3.84556582795813,0.311863771714541
2017-07-01,-0.709047208965244,-0.707433968021064,-0.707954648937198,-0.708500037308155,-0.687701820185803,-0.612696679283281,-0.491442607267961,-0.343168276032692,-0.185163470819687,-0.0294713120879141,0.116809364470146,0.369758906326116,2.48400434382188,-3.15278006666932,-3.9233957622628,0.286927551021278
2017-08-01,-0.687956460925772,-0.689907020471787,-0.689806492847184,-0.686499962728576,-0.631885462815303,-0.514254754173877,-0.355066332092704,-0.177586153183933,0.00098910826761471,0.170180752575237,0.324709339356394,0.584412759443829,2.37902736683665,-3.03420764530833,-3.69349779039913,0.341567679470276
2017-09-01,-0.718465203152471,-0.722150383983538,-0.725858371628797,-0.727721087967378,-0.698512252050582,-0.603675372311594,-0.460840322925937,-0.294072148809446,-0.122280507441162,0.0425845531954437,0.194232615049773,0.450293966619117,2.22080593865309,-2.88973753905454,-3.77434186598368,0.341567679470276
2017-10-01,-0.76205172227503,-0.760812205535375,-0.760392504206867,-0.758836295779998,-0.721266573391811,-0.622980941764508,-0.478365885927097,-0.309882430330775,-0.135872869235634,0.0317541246975364,0.186542969631794,0.449232428709286,2.46157050471036,-3.18627455054465,-3.90138563737033,0.311863771714541
2017-11-01,-0.768599283235689,-0.771545250647255,-0.772480599828489,-0.770289794806963,-0.720976163230612,-0.609081449953802,-0.454737105770491,-0.280501220714058,-0.103475671464916,0.0656080390981725,0.221094464241071,0.484504809799815,2.28135091889195,-3.01206945351538,-3.74051063729311,0.341567679470276
2017-12-01,-0.778217297221127,-0.780641766243311,-0.781600033905309,-0.779895713402249,-0.735723620407294,-0.63139939363637,-0.484757942077518,-0.317271424145353,-0.145694640193893,0.0192069299679622,0.171585344845351,0.431098424015643,2.18277707721571,-2.91937153050128,-3.67655449312235,0.341567679470276
2018-01-01,-0.831396197935667,-0.823045323233199,-0.812318377953328,-0.798796366124101,-0.714584113330058,-0.588487134998496,-0.436317214244788,-0.273739729877109,-0.112388779684671,0.0404272517367864,0.180844403692782,0.420035630532843,1.97962493062417,-2.7958855864187,-3.05406007724795,0.341567679470276
2018-02-01,-0.634620391442491,-0.653320566459505,-0.660673465798721,-0.658302854926366,-0.57792192567283,-0.430634332487447,-0.257177278421723,-0.0805051849637387,0.0873239391787442,0.240736891454504,0.377878374092105,0.605013844729475,1.88120082526698,-2.4928708252858,-3.13990362977001,0.421945088329069
2018-03-01,-0.635724375609372,-0.661047567764266,-0.669731665130301,-0.664625722720685,-0.550255174885253,-0.357938412732781,-0.145155437406482,0.0601243989315116,0.245910507749409,0.408540060946386,0.548430014905953,0.769360789019501,1.76974365952608,-2.34790638688085,-3.29183029521309,0.551787926790903
2018-04-01,-0.675044269314033,-0.694148760403367,-0.699325856375614,-0.692890447526427,-0.587031377497769,-0.413012360308993,-0.21941747356714,-0.0306528232105814,0.142272095350218,0.29553196626007,0.428960783701935,0.64311281076967,1.7519233587578,-2.40338668334591,-3.02977242529692,0.47818961220653
2018-05-01,-0.650563125292346,-0.668120939829609,-0.673222777851835,-0.667857638983814,-0.572977200290038,-0.413505626569051,-0.233200179655499,-0.054853062122524,0.110675883047486,0.259132253755189,0.389766644581704,0.602243933092027,1.66478087598734,-2.28381219721978,-2.95510196784689,0.47818961220653
2018-06-01,-0.616917037315644,-0.648109618607546,-0.66480444127765,-0.669243706389631,-0.599819824710902,-0.451153249792639,-0.273603151997834,-0.0938777361539802,0.0749059358068867,0.227242927523205,0.361731408076455,0.580803587235574,1.69117678945947,-2.26154133433438,-3.21299434743447,0.47818961220653
2018-07-01,-0.621179390751687,-0.659714666001398,-0.68391033144374,-0.695849762412609,-0.654338651583622,-0.527790611424468,-0.365879427762068,-0.196139010181505,-0.0329572910693242,0.116921484220455,0.251066001381302,0.472882038891948,1.56629656445525,-2.12290445353749,-3.30372139993642,0.47818961220653
2018-08-01,-0.632290151757415,-0.662848747426292,-0.681514861075936,-0.689960970990251,-0.648501177627366,-0.534024076991799,-0.38796075455545,-0.233872360053899,-0.0844719078271363,0.0539906284475917,0.179015731126406,0.388222117360283,1.56973200978426,-2.1654217577524,-3.06380559965826,0.421945088329069
2018-09-01,-0.62510918876966,-0.651449911191853,-0.666917436171776,-0.673015790146987,-0.628077295729308,-0.515318913217363,-0.372805988253101,-0.222479444676611,-0.076365639115078,0.0594969038865621,0.182596919288854,0.389549652370612,1.53765414068995,-2.12672841041865,-2.96545308671821,0.421945088329069
2018-10-01,-0.61060006422777,-0.625983625024324,-0.631860182593355,-0.629576120482357,-0.560624719532873,-0.434470563076014,-0.284985778117904,-0.131533859028899,0.0154377781835827,0.150853980967508,0.272788226114697,0.476518341451815,1.59589281960064,-2.18236595036652,-2.77560144721417,0.421945088329069
2018-11-01,-0.699393493835727,-0.704623118758456,-0.700822617897787,-0.689357461381815,-0.588761300629906,-0.438780307387276,-0.272300903633829,-0.107433811308148,0.0466066688664656,0.185830760605365,0.309207544754121,0.511390216417947,1.64282433952871,-2.33568950556085,-2.64531451325924,0.421945088329069
2018-12-01,-0.698719711008167,-0.708377393873588,-0.709226369038846,-0.702518654678939,-0.620437512944041,-0.485971702323879,-0.330923825861892,-0.173534359677632,-0.0236458479440004,0.113994529498288,0.237644118951008,0.443685350879779,1.56687229757332,-2.24633450113418,-2.72759495866638,0.421945088329069
2019-01-01,-0.746288928941897,-0.744757412548862,-0.737674101832786,-0.725715491686565,-0.640847265781335,-0.519131217380804,-0.382003599650361,-0.242838557268041,-0.109388339719445,0.0143134942511438,0.126580222075756,0.316483164984327,1.4418251710621,-2.18418866286864,-2.36103148757516,0.377545764892034
2019-02-01,-0.595346763205988,-0.61202779557965,-0.623988732065762,-0.631128969610484,-0.614352386526669,-0.539849396847515,-0.430299648063168,-0.304783241603068,-0.17652163990879,-0.0535311938662694,0.0599887722478456,0.253357057609103,1.43960907767296,-1.99211168288949,-2.83809973682805,0.377545764892034
2019-03-01,-0.555658617499237,-0.564493565797301,-0.571692457816577,-0.576679725493035,-0.569412825008946,-0.519207079084499,-0.436828550387998,-0.335603013229181,-0.226657610595152,-0.117834197155171,-0.0140107271916085,0.169632631899323,1.69650549062122,-2.2249863529037,-2.90009958239606,0.286927551021278
2019-04-01,-0.567543083188315,-0.571675359746506,-0.574778566430168,-0.576401727131873,-0.563548780566808,-0.518305615358051,-0.446894824934511,-0.358591799888518,-0.261898297552599,-0.1633241805331,-0.0673101455325623,0.107449352680418,1.62783223433681,-2.17285676639617,-2.70765434002086,0.265680148272514
2019-05-01,-0.558158756299521,-0.573704830723753,-0.585780631386226,-0.594426602944664,-0.597145273098008,-0.557594186317205,-0.488707316133703,-0.402172440882609,-0.307148449274386,-0.210183710343092,-0.115606732785732,0.0571300843976256,1.46546754219754,-1.9963802399685,-2.75422582492338,0.286927551021278
2019-06-01,-0.573168841125874,-0.589170562325606,-0.603682468176309,-0.616120675868436,-0.639373142901635,-0.61874660985171,-0.562654988136558,-0.483180824999875,-0.391205811801029,-0.294958004928691,-0.200002522457347,-0.02597574017538,1.58821635054612,-2.12449247616006,-3.09551577308768,0.265680148272514
2019-07-01,-0.580196380121327,-0.608779544414277,-0.633734785738662,-0.654967248262899,-0.703556411125077,-0.701481415939807,-0.662235225631109,-0.59904098043277,-0.522620315648453,-0.440797394434952,-0.358843404646367,-0.206224893270805,1.11748923131175,-1.65310920304368,-2.858205097026,0.286927551021278
2019-08-01,-0.632699144736131,-0.665718977874489,-0.693426316757381,-0.716198342884561,-0.765108483827572,-0.762039798054726,-0.72429660932587,-0.665085109491489,-0.594022101341554,-0.517824897594794,-0.440988960365264,-0.295670308485931,0.808513748815904,-1.39554014216567,-2.58357350484087,0.311863771714541
2019-09-01,-0.750431346967705,-0.780803924017962,-0.807271768614294,-0.830038359004868,-0.888341272181661,-0.904275438598567,-0.890015754885986,-0.855576007521886,-0.808690425905234,-0.755055525095244,-0.698695285450961,-0.587722963887109,0.512356471812847,-1.22612269964888,-2.38934949785119,0.265680148272514
2019-10-01,-0.714418977372089,-0.735230912914437,-0.754155929092532,-0.771051497699249,-0.817371955604595,-0.831420113260301,-0.819072789002801,-0.787471490772091,-0.743192733496029,-0.691584913474787,-0.636670577350326,-0.527344325313422,0.748899445445354,-1.43153937209201,-2.46786585755886,0.231400254486915
2019-11-01,-0.653334124614596,-0.670691296996825,-0.685860755268663,-0.698838039702752,-0.729690636926609,-0.73086790772731,-0.709131722989962,-0.671270565315911,-0.623135288636008,-0.569348940319047,-0.513342108527031,-0.403489965604371,0.708818217319034,-1.33553031534017,-2.15948945624534,0.24733284073694
2019-12-01,-0.617621491840725,-0.629031864504014,-0.638516602910217,-0.646076795337783,-0.657940872329033,-0.644184765672077,-0.61103670829491,-0.564659192071874,-0.510302434635338,-0.452065040177789,-0.392944333960711,-0.279573373505214,0.824490301822726,-1.42310225579422,-2.01547309444157,0.24733284073694
2020-01-01,-0.665966843046181,-0.664351379708679,-0.663144204243774,-0.661882654331051,-0.650590060180098,-0.623585752379322,-0.580915783295631,-0.526609896330277,-0.46538639167772,-0.401325738374512,-0.337487671948294,-0.217944829129493,1.194954094917,-1.85009663020681,-2.10580623842102,0.204941634001147
2020-02-01,-0.590882720332139,-0.602532022028267,-0.611742925853945,-0.618660993218846,-0.626271612175627,-0.608262616734455,-0.572268406629936,-0.524510950963856,-0.469826559327255,-0.41182774606719,-0.353111903981439,-0.240075878766677,0.850642916877467,-1.42616558593549,-1.96336953270239,0.24733284073694
2020-03-01,-0.62118639300137,-0.627521445784043,-0.634931350437405,-0.642767610380927,-0.669803903572797,-0.679625286019309,-0.668981239364786,-0.640836775225919,-0.600045399480129,-0.551383422020772,-0.498795533367162,-0.392705595279,1.21594264712439,-1.80950448490952,-2.62043724674009,0.183918955329833
2020-04-01,-0.720926539111311,-0.740815470646491,-0.756768098279967,-0.769158909436807,-0.789677603053559,-0.776694031012161,-0.743371853305916,-0.698823819619968,-0.649161941346016,-0.598339412377444,-0.548795988202169,-0.458477207199222,0.161671553957031,-0.856656498659103,-1.50763429509002,0.341567679470276
2020-05-01,-0.587766035983309,-0.602192721774425,-0.615665261547612,-0.627762770245077,-0.65826004394791,-0.65895700135645,-0.635483162546047,-0.595886423156123,-0.547325270879774,-0.495155425284765,-0.442976297300771,-0.346381477922341,0.593672259317601,-1.1536608973931,-1.90514686590783,0.265680148272514
2020-06-01,-0.561158447531642,-0.576905718385033,-0.595102103974839,-0.614128813883482,-0.679393182977606,-0.708949109111231,-0.702293947381853,-0.669461412096031,-0.621170292388645,-0.565782696514691,-0.508926513348204,-0.40277475998821,0.973600810286716,-1.4880515780752,-2.7220178109213,0.231400254486915
2020-07-01,-0.559671564017726,-0.578423221856654,-0.595690163514862,-0.611186164048154,-0.652820628277696,-0.662083104914079,-0.644798001112711,-0.608803804502699,-0.561269897533316,-0.507829757570329,-0.452519016803661,-0.345976834951295,0.792201699793228,-1.32013046040162,-2.26309555094746,0.24733284073694
2020-08-01,-0.583935503369925,-0.601394094111993,-0.618153617476798,-0.633806866509584,-0.680726906496469,-0.699205689368888,-0.692074119693776,-0.665639470322261,-0.626425874391709,-0.5799140746814,-0.530231536897192,-0.431830429093861,0.864269488634917,-1.41676420393825,-2.43533747022472,0.21738090954922
2020-09-01,-0.580951101380829,-0.599923584972848,-0.617924526949071,-0.634611168345263,-0.684448201637218,-0.705020231683918,-0.699735249901279,-0.674972978074748,-0.637190585231851,-0.591802447471887,-0.54290940196458,-0.445159745890188,0.850708376385142,-1.39965430610527,-2.4587887943731,0.21738090954922
2020-10-01,-0.597759368882319,-0.61232986390723,-0.627800036547902,-0.643345451696084,-0.695959041699917,-0.722294547584597,-0.721011010976811,-0.697770368413264,-0.659649353716087,-0.612904774288882,-0.562315330527675,-0.461685218028016,1.3129409199552,-1.87694606934619,-3.05560295289279,0.183918955329833
2020-11-01,-0.678099502158295,-0.685395221733373,-0.695296127174949,-0.706665240301325,-0.751934109878342,-0.778920992206479,-0.781255989150891,-0.762437097573843,-0.728690908027933,-0.685994123333181,-0.639072469859431,-0.544753833521438,1.0312042219461,-1.6720898742459,-2.71914751980439,0.183918955329833
2020-12-01,-0.700596791893199,-0.707493019322524,-0.716108931847678,-0.725606141699314,-0.761404673929454,-0.780479309121082,-0.778391419143864,-0.758232279682076,-0.725228449969003,-0.684424059280229,-0.639865707937934,-0.550175006413047,0.901799146398797,-1.57191093633163,-2.45712868224414,0.183918955329833
2021-01-01,-0.744809432252923,-0.745056185359232,-0.747345345223339,-0.750933923983702,-0.768162171374946,-0.77679274801957,-0.770731398584252,-0.750908915184687,-0.720689939170028,-0.683763495582642,-0.643296503643571,-0.56064314846015,0.619320222485137,-1.33904279309719,-1.91538730825746,0.183918955329833
2021-02-01,-0.624335640450909,-0.649807256959647,-0.671972381559275,-0.691080857115076,-0.74139789609949,-0.758967538079528,-0.753451729011335,-0.73213452426745,-0.700461050032462,-0.662459963600658,-0.621073827276288,-0.535975093120379,0.286856932582195,-0.880424794851444,-1.84165489836006,0.265680148272514
2021-03-01,-0.617562980963335,-0.640951198447169,-0.660657398092068,-0.67697256236412,-0.713494014385195,-0.714502404613946,-0.691130625173302,-0.651705867369709,-0.602391910955319,-0.547692157935692,-0.490842564959589,-0.37906816223931,0.661776677876331,-1.25146093619404,-2.15201656753467,0.265680148272514
2021-04-01,-0.612221405071416,-0.638343614429929,-0.660122032035461,-0.677906493684414,-0.715315575164067,-0.711313190940602,-0.679216941917579,-0.628951267586574,-0.567827893084514,-0.501156816609117,-0.43272330117758,-0.300230356869545,0.938728940735066,-1.52100546456212,-2.5175595574518,0.265680148272514
2021-05-01,-0.632859506574287,-0.656827482113738,-0.67639198427184,-0.691914234461803,-0.719989191344324,-0.706581081666257,-0.665390990673999,-0.606599604969138,-0.537678695128567,-0.464026534785686,-0.389464014658379,-0.247234384222236,0.916641716111472,-1.51740561019565,-2.44687338524639,0.286927551021278
2021-06-01,-0.628669921698004,-0.649617643036321,-0.666001955094292,-0.678212743876441,-0.692216025806018,-0.664332440419175,-0.609135638426926,-0.537349519461317,-0.456753847409472,-0.372889994093338,-0.289609188278161,-0.134200056017878,1.13388134163186,-1.73541325941944,-2.55923519479638,0.286927551021278
2021-07-01,-0.644068363618545,-0.663688522641818,-0.679135438586278,-0.690759108228797,-0.705224898168839,-0.680951525698158,-0.631151835621951,-0.565608314687429,-0.491466797181258,-0.413857821359934,-0.336381594161279,-0.190755019593091,0.987417649682329,-1.60482247683975,-2.39096390389583,0.286927551021278
2021-08-01,-0.654200805241226,-0.677834016425696,-0.697507616540317,-0.713534442428666,-0.746745127291575,-0.741832728650634,-0.710867661359938,-0.662915354323883,-0.604709605850826,-0.541183680677933,-0.475888102086045,-0.349171037757951,0.821397474520807,-1.44733040246743,-2.36858317838967,0.265680148272514
2021-09-01,-0.658160993856447,-0.689883004157849,-0.716868730081935,-0.739509912759893,-0.793543342870127,-0.802987413429153,-0.78238500019953,-0.74242177413328,-0.690857944172004,-0.633246611331769,-0.573485955595943,-0.457272846978935,0.556211213926616,-1.17661045787317,-2.30049482378024,0.286927551021278
2021-10-01,-0.681177079699522,-0.700704248815298,-0.716264776779603,-0.72819580784135,-0.745583509544433,-0.726396758243103,-0.683205764145803,-0.625251491676078,-0.559234948792629,-0.489930504290238,-0.42066096683824,-0.290375441759562,0.776717873111404,-1.43272498804209,-2.1884595472342,0.286927551021278
2021-11-01,-0.717091922274347,-0.721979029362651,-0.723655768006201,-0.722437684182866,-0.694132933765883,-0.639227924973086,-0.568891862658029,-0.491046620095616,-0.411189125166409,-0.333019962230409,-0.258921900674757,-0.127967269167328,0.812533838103318,-1.52077363415264,-1.80072070237702,0.311863771714541
2021-12-01,-0.84196410193197,-0.83750280257211,-0.831424297848748,-0.82371233701892,-0.777850924986454,-0.713684601440675,-0.639562562460168,-0.56237420891585,-0.486883334999821,-0.415998932980477,-0.351259073131334,-0.24207467542191,0.474099922024418,-1.31420377966591,-1.36279858920891,0.341567679470276
2022-01-01,-0.789733489671515,-0.780716893204661,-0.772771139656968,-0.765216826180524,-0.731316179060008,-0.685379486997797,-0.629079584987457,-0.567702626375019,-0.5060190430463,-0.447256154341607,-0.393191061331994,-0.30136171862533,0.421236920489826,-1.20802732125979,-1.1829652391413,0.286927551021278
2022-02-01,-0.688002214416423,-0.692477869816994,-0.691309332856208,-0.68544678256608,-0.629840255526461,-0.547426825212334,-0.458127038683246,-0.371902304463283,-0.293189986977414,-0.223465371197872,-0.162698037909708,-0.0648720000283326,0.431672629669645,-1.11201324582945,-1.32569076906417,0.47818961220653
2022-03-01,-0.698898184403539,-0.686413227975963,-0.659596074078263,-0.623379508376551,-0.443055157659072,-0.27061825066064,-0.131614663529733,-0.0248156206430563,0.0566390878928405,0.119338116468078,0.168374930138721,0.239081049404817,0.493354255645577,-1.1645237943554,-1.46480394734425,0.99993395914561
2022-04-01,-0.717701086744625,-0.706694854649135,-0.672043907623638,-0.624127873768035,-0.398822603152206,-0.200466662821902,-0.0466807601547772,0.070472699440418,0.160278018877653,0.229960938770933,0.284762690496429,0.363726044331703,0.648870266218776,-1.35736357221683,-1.57615842725029,0.99993395914561
2022-05-01,-0.652043867337031,-0.610525821361941,-0.514368972986236,-0.396432310333384,0.0450229057561994,0.328509382610014,0.498594547172229,0.606099056305064,0.678799214519363,0.730922887702314,0.77005288609347,0.824849266980217,0.422111883468347,-1.29427858038549,2.98011723509293,0.286927551021278
2022-06-01,-0.488066602823156,-0.418800940017395,-0.319915565767873,-0.209434240781305,0.201293168302646,0.486416854526222,0.671533797297538,0.794863068263528,0.880779258176964,0.943322371393348,0.990620997441856,1.05713182165,1.38934855322272,-2.03893492281312,-1.05840546006252,0.999950705261653
2022-07-01,-0.407082253008222,-0.158095628927015,0.0815967190921738,0.289856293577434,0.824011626236628,1.08350383323132,1.23104311723282,1.32944976916685,1.40267320976947,1.46056691369178,1.50777347914819,1.57968248482924,1.76735622389341,-2.51982528706129,0.412630109219883,0.999950705261653
2022-08-01,-0.205576763260519,-0.0204272526789973,0.109866314993532,0.205192764731662,0.430651576212033,0.580701919403142,0.714184055808182,0.835236680752329,0.941707312611041,1.0330013505804,1.11018543137312,1.22975458395381,1.59844769115989,-1.80704009274177,0.0765158771767154,0.421945088329069
2022-09-01,-0.0237659557819744,0.17276138112433,0.310853596952141,0.40839843628558,0.598605504161808,0.689027293300062,0.770488302244197,0.853020870267758,0.93219588920733,1.00407671117146,1.06710176112894,1.16766188544261,1.29795946334733,-1.32531334415493,0.00368106989748236,0.652082396417305
2022-10-01,0.354154459983269,0.780268263296488,1.02714338677372,1.17420176732307,1.41005796760456,1.52114598974808,1.60823680405379,1.67796626083672,1.73316464835242,1.77694143164544,1.81197286739176,1.86359198400376,1.84981434174071,-1.66410967797013,1.05444646476419,0.999950705261653
2022-11-01,0.823617986278226,1.33058647401935,1.60199997182825,1.74007990998517,1.84475164887402,1.86594197614556,1.92787277831576,2.00712834941246,2.08550725161062,2.15543899342755,2.21468799369594,2.3021257807236,2.19315144664108,-1.41124786858453,0.986322473285326,0.999950705261653
2022-12-01,1.29094551440531,1.75762049478407,1.97971715414555,2.07050921038154,2.04126681588587,1.98349936070525,1.98744198061191,2.01957513651304,2.05844111544139,2.09481512427436,2.12537877781243,2.16714645707551,1.96823326368944,-0.682480802157586,1.38948944078968,0.999950705261653
2023-01-01,1.60791455280834,1.93833962639283,2.11305559019784,2.19670286436123,2.2033753276834,2.13665468800862,2.10733242292784,2.10539760846385,2.11615328486392,2.13094670757511,2.14540824605336,2.16642891419255,1.96846700003378,-0.427924222577551,1.46937585154774,0.999950705261653
2023-02-01,2.13912115061716,2.4446388638526,2.57164871198699,2.60382827741124,2.46386488732096,2.33259869723033,2.27032850189311,2.24696837768124,2.24241758160523,2.24647879405564,2.254029187239,2.27025838010205,2.01041407376237,0.162968130541296,1.38985005292325,0.999950705261653
2023-03-01,2.48883225658122,2.76014860898297,2.85981960081938,2.87214400632629,2.70019419591336,2.56193991395714,2.49390733241439,2.46356417685363,2.45171274006432,2.44892388107766,2.45045032121491,2.45750299266358,2.20154880750859,0.343338561577035,1.29196867731872,0.999950705261653
2023-04-01,2.72355417994599,2.85297342215573,2.89664346335803,2.89160585860917,2.72330101090778,2.57496065115356,2.49348272850434,2.45626226700923,2.44358754109326,2.44368641463432,2.44997306624984,2.46802398164807,2.2451275164803,0.555235176888106,0.805130696741121,0.999950705261653
2023-05-01,2.85829744588062,2.95323620983618,2.97158826753052,2.94597482932622,2.71770685026714,2.53619756632567,2.44272984712123,2.40655081107335,2.40162643576827,2.41241181844715,2.43027096140654,2.47034234760938,4.02115292474527,-0.952972988421987,-3.76849447264157,0.183918955329833
2023-06-01,3.00097628923183,3.05308152696668,3.02633617345196,2.96097602364762,2.64803317330972,2.45328609203836,2.36740328737559,2.34244965551112,2.34849053971386,2.36948122324311,2.39691257511469,2.45477726251302,5.15786361078775,-1.95564442964013,-5.98738051259506,0.183918955329833
2023-07-01,3.26527459157727,3.3420024412,3.33404719408182,3.27899718206364,2.94177007115909,2.68513688660455,2.54296304500909,2.47443115316818,2.44735688507727,2.44272137433636,2.44985899126364,2.47795799767727,4.56609364676417,-1.047085762566,-5.40176079126017,0.183918955329833
2023-08-01,3.45899155170952,3.52339077685714,3.50769483980476,3.44746500193333,3.09745792229524,2.82898621280952,2.67476730242857,2.59497103425238,2.55770623962381,2.54386966442857,2.54263090635238,2.55592152317619,4.55433704398348,-0.844158201211852,-5.40766027338872,0.183918955329833
2023-09-01,3.46814196394783,3.50146885580435,3.45594816358261,3.37136646028696,2.98598736267826,2.73973634896522,2.62189851816522,2.57691138286957,2.56947158356957,2.58060604412609,2.60028227691739,2.64604982694783,5.3516621489197,-1.65389349534816,-6.54413213753038,0.19388672067282
2023-10-01,3.57829019576667,3.63731896034286,3.59856235027143,3.51247152422381,3.11024567146667,2.85794701482857,2.73899204037619,2.69362521185238,2.68584929172857,2.6968212415381,2.71667180599524,2.76405195896667,5.85623774816951,-2.028835056687,-7.16007050440903,0.183918955329833
2023-11-01,3.76212015035909,3.68110162256364,3.57857441342727,3.47005970570909,3.10282578415909,2.89564326449091,2.80351937755909,2.77612114970909,2.78276597667727,2.80661721142273,2.83852454803182,2.90846287113636,4.02502702377584,-0.0732300674491258,-4.10169329779596,0.311863771714541
2023-12-01,3.7599973304381,3.6567565092381,3.53158020628571,3.4014021986,2.96618202394762,2.71835536820952,2.6023277155619,2.56030221051429,2.55766608857619,2.57556858027619,2.60376851138095,2.6706790611381,3.6139978202019,0.37681503276391,-4.14316340852197,0.341567679470276
2024-01-01,3.75205852983158,3.50786852231053,3.29391653366842,3.10692368273684,2.57303905667368,2.27933982014737,2.13129453185789,2.07033670322105,2.06035676698421,2.07910967552632,2.11292280931053,2.19564838207368,2.90380334515392,1.117998266418,-4.40978740394717,0.421945088329069
2024-02-01,3.85487612102273,3.58012644231364,3.34258424033182,3.13766487951818,2.57056969985455,2.27797642452273,2.14482896626364,2.10256920927273,2.11046440265909,2.14443517136364,2.19036648817727,2.28903250030455,2.90952401095131,1.26638045261369,-4.45834101430897,0.47818961220653
2024-03-01,3.84643565527619,3.6194669540619,3.42140316157619,3.24887140293333,2.7593134042619,2.49279796348571,2.36055805627143,2.30805629307619,2.30178046259524,2.32116803997619,2.35365254919048,2.43050510476667,3.10473482752238,0.987737086689026,-4.10519307454265,0.421945088329069
2024-04-01,3.806018186585,3.616801454845,3.44815210492,3.298074679765,2.849786054695,2.581115513155,2.43014748914,2.35529105647,2.328677501405,2.33170223598,2.352013132575,2.414793738,3.07399608188835,0.946440119211356,-3.83489318296419,0.377545764892034
2024-05-01,3.74266653417143,3.57279069232857,3.42104090593333,3.28574887642857,2.88064880598095,2.6385458231381,2.50505524592381,2.44267683249524,2.42565681522857,2.43640921505714,2.4630218414619,2.53464156519524,3.19626845568565,0.747168093387811,-3.6421194052317,0.377545764892034
2024-06-01,3.7263185502,3.5797095765,3.4478536995,3.3294899337,2.9691102147,2.7469260858,2.619420488,2.5556573736,2.5337506569,2.5383143561,2.5586221718,2.6192687619,3.35156279365887,0.541734494845467,-3.53613644471716,0.341567679470276
