TIME_PERIOD,Y3M,Y6M,Y9M,Y1Y,Y2Y,Y3Y,Y4Y,Y5Y,Y6Y,Y7Y,Y8Y,Y10Y
2004-10-01,2.0453788504705357,2.1274485219459933,2.2097314319390104,2.2916667535368185,2.6081882242172174,2.8963742246774213,3.151104269980987,3.3729396045254485,3.5648120225166138,3.73040685625022,3.8734101409631516,4.104689782281516
2004-11-01,2.0620551726796195,2.107921201932938,2.160048646391412,2.217035804485935,2.472518873156151,2.738823060820939,2.991433499235063,3.2202369617579385,3.422492887143831,3.5990258626699885,3.7522020360063184,3.999926263340502
2004-12-01,2.0975558358086195,2.1270741530753168,2.164418954034833,2.2080836830740727,2.422778145070817,2.663644347861097,2.901032002069711,3.1210888147632003,3.3185282918150687,3.4925249484933705,3.6444194901378633,3.891160783320308
2005-01-01,2.096897431206821,2.1230446565326506,2.1553469265903438,2.1926808861014315,2.3748047559790098,2.5800727861963817,2.7847430809621203,2.9770292066661947,3.15189181891314,3.3079820279465713,3.445867987943268,3.673262178243909
2005-02-01,2.0569535978408933,2.1012044045478238,2.1476867005808273,2.195881937516038,2.3976281539632134,2.5999655975469387,2.7917957696547107,2.967851975150018,3.126280216032007,3.267143717339315,3.3915116881539253,3.5970314092537206
2005-03-01,2.0492100347358533,2.1020349582208135,2.1559901058700706,2.2106378088814744,2.4294706969751956,2.6380248174453245,2.828558223113703,2.9983385048521285,3.1473741043525303,3.2770635653546014,3.3894098974103635,3.5706658730366327
2005-04-01,2.0542614693351955,2.1130422483425395,2.1730700056054566,2.2338467965955484,2.4768982347066797,2.707953676558997,2.9185269141427805,3.1057605100483534,3.269817868505505,3.412360170168576,3.535676959803222,3.7342883053807547
2005-05-01,2.0358724814572993,2.0708272968590506,2.1095482441161986,2.151309169329947,2.3372846211847214,2.534075609555979,2.7256437674093608,2.903921982995822,3.0655096123409593,3.209650690761872,3.337011351431996,3.5471079477801846
2005-06-01,2.018647403028115,2.0312727708590987,2.050425880614214,2.0751140564717923,2.2130987233913113,2.3852890628004046,2.5665462926621756,2.742630843002783,2.9061030319876697,3.0536735662286603,3.1845071441179327,3.398860391743685
2005-07-01,2.03000386330977,1.9977379266650537,1.9816815422380907,1.979082428640345,2.061063924698093,2.2217899277742763,2.40654018021979,2.5884463423110162,2.755556447212401,2.903690928084656,3.0325371661235696,3.238843424588426
2005-08-01,2.0427413317329006,2.036885850568135,2.040568834461584,2.0522960919634543,2.155942475450876,2.309688277929375,2.4792118257266123,2.6461297299826803,2.8013872127064756,2.941257636558678,3.0649467915344273,3.2673792104796617
2005-09-01,2.0629376665505412,2.0721179216105123,2.0875430613846415,2.1082422676639934,2.228153898747447,2.3801044014910273,2.540445629749747,2.696116813015739,2.8405057321427303,2.9708341591596166,3.0865237293274106,3.2770278445461147
2005-10-01,2.0391701532306796,2.05233706393083,2.0694365617174912,2.0899003835425987,2.196054053061471,2.3242071109822793,2.459086294942932,2.591650970393642,2.71687535810732,2.832275593302259,2.936938640789892,3.114675214283319
2005-11-01,2.0613732051312468,2.1493599900816682,2.2209226999278155,2.2803840685674586,2.4515110551293366,2.5814623573610858,2.702035380906329,2.818145806173541,2.928011157773677,3.02941878845811,3.121181605708892,3.2757141080587595
2005-12-01,2.226698621019856,2.3603964669827877,2.459787351722077,2.5350203032960477,2.7145134939377313,2.832689570884297,2.945342141826915,3.0570678065416996,3.163028903560713,3.2593143711968087,3.3443387196311787,3.4818296024109006
2006-01-01,2.33649529625552,2.4553474539439346,2.545508786111975,2.6144562866636534,2.773081717160391,2.861506136049043,2.939612804497485,3.0192140113091495,3.0988727809040713,3.175165173917507,3.245652421341612,3.3656435245786804
2006-02-01,2.3752251603791183,2.495409474543551,2.587961076342104,2.6595949529320033,2.824753861211152,2.909295742560448,2.976377346688872,3.0421786078993325,3.1080259869463593,3.171790057582943,3.2314384891415044,3.3345266473077886
2006-03-01,2.4442708093903134,2.561105483844313,2.6553566147482277,2.731922714256645,2.92789013159602,3.0388318826959813,3.121163568229696,3.1935426782068026,3.2608026659515588,3.323392903719193,3.380825904072155,3.479172619262406
2006-04-01,2.548364742993782,2.7004185035054546,2.821084999185305,2.9171727208914513,3.1482148619396257,3.2612548652408075,3.3353956849098365,3.3974763420550387,3.4549895024197532,3.5090490804719265,3.55917613091416,3.64590643871379
2006-05-01,2.5727210919801973,2.7630289720478656,2.9105562235426463,3.0257838888800483,3.2974679038011754,3.4354133723710216,3.533085508897264,3.616969880870616,3.6929556457320984,3.7616201405496787,3.8227906296306293,3.9235936580386888
2006-06-01,2.653587629490974,2.8519990405803557,2.9982139432676616,3.106837801622655,3.3409675815708155,3.456723682949364,3.549688479894718,3.638035478504948,3.7216333018761003,3.7980631626783303,3.866006403437091,3.976725375846361
2006-07-01,2.7569277504987646,2.9516767625795723,3.0958172809492583,3.202967703802436,3.428751165269737,3.5291368081583627,3.604181716479154,3.6763221426224146,3.7472340087469758,3.814657084217296,3.8766986637111303,3.9819532256584904
2006-08-01,2.857407345232074,3.073472402879441,3.2247300187075094,3.33140196454654,3.53478249551241,3.61482321628265,3.6743112903972808,3.733031910940842,3.7920897200714045,3.8494181032887385,3.9032547580784334,3.9972627071731988
2006-09-01,2.991634357687411,3.1996884597357753,3.3288769095255692,3.409297122024802,3.5260129781302316,3.5596988405540126,3.593980912086681,3.6371710831895396,3.6857581585919537,3.735701719302186,3.7842227839163454,3.8715202602295533
2006-10-01,3.1183440210201727,3.3259707697914855,3.438097333203171,3.4977091921782257,3.549653756650885,3.5452105564268743,3.551290123120703,3.5710563033561975,3.5998851008249466,3.6333561715494485,3.668336634684256,3.7357200344264085
2006-11-01,3.186808565533626,3.3862027396285854,3.479096916965803,3.521675406801137,3.547051089528281,3.5440953525009395,3.5546688085886142,3.5764005326309145,3.6040349209034788,3.6337170282150884,3.6630931096093633,3.716477584276406
2006-12-01,3.3051650214809114,3.4764256613531397,3.5629693624122543,3.604477045559831,3.621725439017359,3.601956049685072,3.5939016726658726,3.598052822812433,3.6104567095803457,3.6276736442500677,3.647256391602951,3.6876589571087823
2007-01-01,3.4051932693002755,3.5423131463233766,3.6176313331251357,3.6581673194950723,3.6915594774906557,3.6808748826243884,3.674186467411279,3.676103332254344,3.6849475658350315,3.698408297131572,3.7145680879555676,3.7498136281233285
2007-02-01,3.505003629853491,3.655095284194417,3.743355178697891,3.795340289098524,3.860012366211461,3.8685040516999147,3.8759514612632047,3.8887201914981984,3.905719503739871,3.92504762393061,3.9451756761079895,3.984103094818889
2007-03-01,3.5777950987898812,3.7146143917672205,3.7915447582980164,3.834398465346775,3.879853238048642,3.8842891529935732,3.8932869885410795,3.9092990157856375,3.9296405831649244,3.9517940876021598,3.9740546131881347,4.015326928109635
2007-04-01,3.6645919865542798,3.769220115327577,3.8241769159798693,3.850530469688172,3.852231079961177,3.82854395824923,3.8187613370060807,3.8229254144542013,3.836620503776473,3.8559579437756337,3.8781439051152877,3.9242996342397487
2007-05-01,3.7530690310513086,3.8716610440624644,3.943775305629488,3.9868576590430242,4.034457079446577,4.029593561952116,4.026050624511376,4.0313757443669145,4.044422803632453,4.062726549904798,4.0840903702954,4.129897796546259
2007-06-01,3.824411995579487,3.9649360981068082,4.053361262803713,4.108418793125883,4.179092187806441,4.179997234228423,4.175979778322427,4.177945681855251,4.1862465909438065,4.19927241586177,4.215336961059899,4.251500247439787
2007-07-01,3.8905538126666865,4.04949411359999,4.160447003527336,4.237917409675995,4.374832409773383,4.409519212573029,4.423426680534989,4.435997942598404,4.451034294182866,4.468433253304918,4.487290585804435,4.526043665774743
2007-08-01,3.9525372934870266,4.106479009113888,4.208647603771563,4.27632915569411,4.381876121191333,4.400683366057993,4.40687336579061,4.415021552394911,4.426825693262767,4.441356587850054,4.457411088258147,4.490499983979028
2007-09-01,3.9538702781329844,4.014682443679544,4.0503667635883875,4.071209418905459,4.0982895075247505,4.110883798039848,4.131818786988114,4.1606135882649555,4.193714803268448,4.228118793571141,4.261839625052803,4.323227041864869
2007-10-01,3.8783610047988146,3.9055282233706046,3.92593719986712,3.94145747590372,3.9786666275856204,4.005920189504705,4.037929810623501,4.076327651846739,4.118959888052108,4.163199472088945,4.20695321727011,4.288015108182831
2007-11-01,3.827790106606315,3.887329290858383,3.930577185229709,3.9618874113555522,4.023305516479364,4.051448008090435,4.081163627491954,4.118394621637818,4.160909958917057,4.205275044829917,4.24881291967967,4.3276384879656
2007-12-01,3.8781903520784975,3.8882940734688987,3.888000016280702,3.881712860491089,3.844569007009289,3.832659092172421,3.8540903021992534,3.898542101321102,3.954998336422962,4.015536001949529,4.0752889797787795,4.183296706032642
2008-01-01,3.8122435959855396,3.8904260860343354,3.929166894600501,3.9454585268845874,3.9398271885164484,3.940006229897932,3.9707657260598066,4.021629096945771,4.081509058656976,4.143073513475582,4.202187624667268,4.306253509277026
2008-02-01,3.8306462803161296,3.8014063672799865,3.767363655436954,3.7338360346537716,3.6437861355543957,3.632599329279668,3.6750502717947966,3.7459400390319497,3.8285759023389825,3.913114523559471,3.9942147262576424,4.137377290691025
2008-03-01,3.8385616827465916,3.681667791088916,3.559875701833115,3.4670595038723686,3.2965087138487115,3.309655502439717,3.402876682102299,3.5259231196764578,3.6545434777010013,3.777459406619816,3.889948599263756,4.079566028113748
2008-04-01,3.8663722985618736,3.7462655251019745,3.6471592031263156,3.5664436647234052,3.3850778027607773,3.3544186342065294,3.4063949572695265,3.5001519035705715,3.6116401901829995,3.727111013878873,3.8390646266994666,4.039557484254451
2008-05-01,3.891023886727979,3.861174915167351,3.834043082764461,3.8102016027801073,3.751908590012066,3.749225334431725,3.7877550768069956,3.85185581140434,3.929107584454586,4.010919085931397,4.091882101445786,4.240391462481711
2008-06-01,3.8832467401467,3.9483850339305735,3.9890845279923055,4.012385130748601,4.021340453010416,4.004777052838558,4.013644695404573,4.05105190154149,4.10768337896345,4.173741438974998,4.242059454612557,4.369872998727402
2008-07-01,4.078805499060486,4.240045291534365,4.354117006007162,4.432963431328689,4.550799519433965,4.549913821891181,4.537458295020815,4.538978346775185,4.554835052467411,4.579757749557551,4.608796396064217,4.667171451690204
2008-08-01,4.21079752251436,4.287319363942117,4.343650314447661,4.384342413248156,4.453698040355965,4.461644693798211,4.462539813877943,4.4726937101423205,4.493832882472354,4.52308170520588,4.5568886003525195,4.62741157441256
2008-09-01,4.251345504509753,4.2432439441440355,4.227233250110164,4.206626425934872,4.11859441314913,4.064930915872445,4.056835573202676,4.084032413711947,4.133035832595686,4.192860090337253,4.255999821919737,4.376043568210957
2008-10-01,4.180800419750174,4.13263332434775,4.088138753126731,4.048086269691226,3.937764975111549,3.9019944681625627,3.921394919094536,3.9752908217496024,4.0474913130511885,4.1269315765303185,4.206720170781001,4.35361325217772
2008-11-01,3.189380950969572,3.40012877199296,3.2712727125661916,3.1133802213070707,2.993142365924988,3.2521734322613436,3.521221094422502,3.734500935009968,3.89579603901136,4.0182072606775785,4.112813094064564,4.247760404538193
2008-12-01,2.3016402618486618,2.4396126308171047,2.4531692480509237,2.4424521445195304,2.526764019546719,2.7735948495694625,3.050047793966024,3.3022347639314775,3.5164449897473276,3.6936393641761867,3.839177171413067,4.0583084028119085
2009-01-01,1.9238266973698548,1.8985839024270368,1.9320371545217678,1.9949321955621162,2.3188987742878906,2.618432818746891,2.8689465390415085,3.0776975764802263,3.252539491945545,3.3995264115079644,3.5232060320964997,3.713799515134632
2009-02-01,1.4225282569273228,1.3479459747846267,1.3737362223776228,1.4517385468980841,1.8989410910635744,2.310164860537497,2.6471830885069325,2.927365407562712,3.164602450756763,3.3675949129970726,3.5420286496591005,3.82039272535351
2009-03-01,1.0258628014763074,1.008669241579726,1.053047326027985,1.1350683133536177,1.6005599879709578,2.07108234065118,2.4782044471357914,2.82289369573373,3.115002262470832,3.3632130159429834,3.5741839116551937,3.9039006803163803
2009-04-01,0.8564917034031336,0.77915956176209,0.8354082309351238,0.9542627094788767,1.5441479816661747,2.0452814818019793,2.4476230071108196,2.7813855083369003,3.0645289387219425,3.3073243427282835,3.5163180132949545,3.850437209818756
2009-05-01,0.7910597349634012,0.7641841343361994,0.8552844730236956,0.9938863007893909,1.5860572413778429,2.0647037285800245,2.4520024156006057,2.7776780564031958,3.056842138715098,3.297961623410157,3.5065886041219017,3.841947407874428
2009-06-01,0.7494309905044252,0.7233200182599095,0.7921101073373635,0.9098094886814303,1.4953438575599425,2.0209913853584522,2.454486380633987,2.81675739620698,3.123932596395952,3.3863552977714497,3.611077211040784,3.9672497020471638
2009-07-01,0.7700686616292753,0.7531825762563518,0.8350737491139832,0.9671948242087685,1.6051503455232436,2.166464214120526,2.6212373539106397,2.9940240633934407,3.303774804361296,3.563029304431605,3.7805812081678027,4.115701545319243
2009-08-01,0.4948373262134575,0.4965814438693948,0.6062545333601987,0.7597425501426014,1.4120962568411672,1.9536742065131807,2.394670690622036,2.7622306387102955,3.072789335578324,3.3366890800995397,3.561172367906868,3.912939247087967
2009-09-01,0.452128429613254,0.44376627757282655,0.6042314057053128,0.8077753373517615,1.5214111593568085,2.0275100865291233,2.420196528113582,2.741551654119986,3.010193704735685,3.236722091310837,3.428329500106893,3.7273055370669375
2009-10-01,0.40382994239106346,0.40618745202179957,0.518937730796604,0.6765703722642293,1.3357411941171435,1.8666127807999302,2.291216899733124,2.6418022223811666,2.936133500376282,3.1850126264361127,3.3959740254457476,3.726058862890186
2009-11-01,0.4636326628020661,0.5052354758000851,0.6414690293096398,0.8047877532073406,1.4118363995545506,1.887870611083317,2.2787680949358946,2.6102031680996416,2.89465753151006,3.1397105896180704,3.350798252954495,3.687515159173739
2009-12-01,0.4630461692967324,0.5075274543113696,0.6303345457181868,0.7803923933734018,1.366975189127821,1.8438765205606198,2.239169683715303,2.575644266896536,2.86521352282156,3.115275249399421,3.3311888109971357,3.6768930196411898
2010-01-01,0.38093879118014995,0.48848711016829094,0.6275308784745921,0.7736228387486291,1.3191824543586481,1.7817904510274518,2.17714219403986,2.517357680427724,2.810772079365299,3.063764695611572,3.2815327988496064,3.6283137779516834
2010-02-01,0.30811674950383716,0.4064896105358825,0.5541474470429306,0.7140201449202761,1.3033170380736994,1.7865632365230084,2.1940093778603282,2.543206337166972,2.843971087003728,3.1031142174544817,3.3259815796683414,3.6800617955788675
2010-03-01,0.3175598277683726,0.3866053459351187,0.5036243210992813,0.6387548988205283,1.1826658355371484,1.6555135036598412,2.0604145819639,2.4100390193600334,2.713275361639873,2.9764618803318776,3.204473764459854,3.570295678780295
2010-04-01,0.3002717183193581,0.384188437076973,0.4843027135237304,0.5948292273760135,1.0733582128262127,1.5352269381750472,1.9481323745128292,2.309329132666325,2.6231829360081518,2.895076002002208,3.129944800147968,3.505108766318328
2010-05-01,0.3188696215475624,0.41344620284846656,0.5137471543939645,0.6183237976289787,1.0574099346236299,1.4943756455660835,1.9021689817294765,2.268835499826808,2.590671276492116,2.8683826676190884,3.1049084836502616,3.470444265910177
2010-06-01,0.2580798380543947,0.3199967082387739,0.3903448113487351,0.4676722746043118,0.82318359044845,1.2108497925641681,1.5941462439258227,1.9528390625167087,2.276968874198105,2.5629000845913703,2.8107499483014315,3.2021290464542735
2010-07-01,0.23398974796957975,0.24534860989069626,0.2759925850836626,0.322816604911406,0.6220546542813877,1.0136032867444056,1.423236533744391,1.8110159171465356,2.1578056143532325,2.456714833093188,2.707737405722694,3.0820382357741867
2010-08-01,0.4390495644110926,0.4608733413775351,0.49599345906923153,0.5424077513071333,0.8081839283938479,1.143240563534142,1.4949360185171336,1.832938367100234,2.1412201593754765,2.412716772565464,2.6457972652044486,3.0043672745875365
2010-09-01,0.43991641475206883,0.44354754562386334,0.4616911591409098,0.49223478990972025,0.7037564151337122,0.9959543825944661,1.313013679734448,1.622548178755443,1.9071833182500206,2.158948092613146,2.3755765133864775,2.7093052301206426
2010-10-01,0.4277432210219706,0.44960863218175345,0.48258913183333424,0.5250135925769065,0.7616945522505433,1.0561204757659657,1.3639511938410094,1.6595113260716194,1.9291665053935012,2.1668733813516297,2.3712197732198947,2.6863645479726355
2010-11-01,0.652572844424633,0.6709261006707423,0.6987954611114261,0.7348614212063838,0.9390425395407119,1.1983898260105157,1.4750366783971895,1.7457801814248401,1.9972883509837205,2.2227549107981566,2.4195830679887083,2.7289699745469655
2010-12-01,0.7020957886787993,0.7270262995101604,0.7614641161680612,0.8040475981932231,1.0331801880897538,1.314809501466352,1.6105585827197453,1.8971826618637224,2.1615281894645793,2.39705433859947,2.601449454964259,2.919565906781031
2011-01-01,0.5385062762419316,0.570906950968394,0.6191811921329928,0.6805889582249439,1.0138276446821,1.411900247942666,1.8115378545675833,2.179937498815197,2.502542137525595,2.7753409586240103,3.000088384534406,3.3249973016176297
2011-02-01,0.5118610759293027,0.594829888688482,0.6837619217843569,0.7773813808914635,1.178248964135903,1.5858383475530264,1.9703119968294147,2.316531321458152,2.6184413343710324,2.8754067966026007,3.0898502234757,3.407732417546325
2011-03-01,0.658964983893308,0.7899983351741249,0.9174604000063595,1.0413640270412068,1.501889004493551,1.9081010102979348,2.263239869672602,2.5711592533253866,2.8360014684122357,3.0619699438374615,3.253174501509945,3.5466966443314556
2011-04-01,0.8016779190093548,0.9424185300652922,1.0775555811491242,1.2072978229491902,1.676234378765758,2.0736950968707135,2.4098269277845183,2.6933752119156433,2.9318740691901737,3.1318113064388675,3.2987711971006664,3.5523031494580755
2011-05-01,0.934196570251698,1.084942161520773,1.2286465214239386,1.365636344481694,1.8524684623981227,2.2543461013672172,2.58597729375472,2.859528030368638,3.085062204776689,3.2709051634428654,3.42394419074319,3.653416724160326
2011-06-01,1.0352594981945158,1.1531122909570681,1.2664731328990295,1.3755105727514934,1.7715743796402017,2.110358460668699,2.3999287707098818,2.6471963862927783,2.8580904374769514,3.0377032474192505,3.19041256726624,3.429662753633318
2011-07-01,1.1742219035643418,1.226851717652542,1.2844655811731518,1.3461497370297861,1.6187566413263623,1.9065633793035885,2.1868006061245473,2.447039655085641,2.6813707036674415,2.8878847045127594,3.06703161278207,3.3508728265430183
2011-08-01,1.148302662692118,1.174442513917009,1.2102120580283842,1.2540588981750183,1.4851224473298212,1.7611272841305676,2.0437471399988545,2.3118539201883435,2.554966060411239,2.7690260366939805,2.953706908517925,3.2427572131655142
2011-09-01,0.7337015222566616,0.7213360278507848,0.7251058553332616,0.7426620530230319,0.9126221400859696,1.1745543186854206,1.4687995968172598,1.7612685921297693,2.0337825111830004,2.277869887547688,2.4908145221967164,2.827186156226723
2011-10-01,0.3919328182899601,0.4113270634448065,0.44114182345601255,0.4797610789728393,0.6961101854558606,0.965250983974704,1.2467623016243012,1.5179804443824372,1.7672625521861045,1.9896537396455551,2.1841255225949876,2.495057633083094
2011-11-01,0.3553603141352109,0.41354036041277065,0.47605795332648415,0.5421690347907158,0.8301856399946904,1.1333170171898233,1.4308934281983943,1.7106775750352265,1.9660836166188447,2.194242312077502,2.394664035734155,2.7170373375118504
2011-12-01,0.31797670648970355,0.3851753913824478,0.45737433670434124,0.5336198032823934,0.8635379651855888,1.205804774777838,1.5363135850236262,1.841786961333199,2.1158603163673115,2.356480067995393,2.56418742493604,2.8896782924468134
2012-01-01,0.05090976509839266,0.0894256118688513,0.143826884189146,0.21103573504298495,0.5604395585566961,0.960729393500686,1.3507228786146332,1.7020953498729914,2.004593301955165,2.257467404102188,2.4645810110520494,2.764933825525269
2012-02-01,0.07356264278088508,0.0954469074799356,0.13302810527802944,0.18364986455950827,0.47446751220071187,0.8346763560150261,1.204117331884091,1.551329958111581,1.861712344562467,2.130311936318794,2.357473295941667,2.7008569865762877
2012-03-01,0.13683949552752359,0.13923518374381208,0.15817817424538338,0.19126186960091568,0.4254745157976054,0.7515464749539661,1.1056403674149693,1.4507114686825258,1.7669403797852243,2.045320867166765,2.2834098537746295,2.646085748707762
2012-04-01,0.06482439481214991,0.08103549981559065,0.11030538419457714,0.15082862717553408,0.3953407454191593,0.7162730898909471,1.0622108760906288,1.4017911253828925,1.7170796443189789,1.998971257078503,2.244021403208413,2.6258669961750405
2012-05-01,0.05725934345176798,0.07264994610614062,0.09996788906242264,0.1376611445743452,0.3659604524851727,0.6690855597890297,1.0001695556572698,1.3294817505224807,1.6391502914362304,1.9193785895349063,2.16575307871724,2.5553861038722525
2012-06-01,0.056416564332642076,0.049891764219760264,0.057286032592267416,0.07680153080152173,0.24590470265062123,0.5045945095332586,0.8001195322380062,1.0995237050514437,1.3832754658347424,1.6407961068191605,1.8673459977390012,2.2255707996300758
2012-07-01,0.05095077515802324,0.04589701167171294,0.054229202583222724,0.07418159376247117,0.2406825816703548,0.49137639106208003,0.7754430417791337,1.0615645095329067,1.331510618270578,1.5756764923077706,1.7900047684194789,2.1287417607648287
2012-08-01,0.021473362051726425,-0.01677725099757347,-0.038146066771970355,-0.044657374641316534,0.043720212817215616,0.2511471034127803,0.5165555467966554,0.8008690489230035,1.0800696198521005,1.3403048226985101,1.5744588257199574,1.9561919951777673
2012-09-01,0.027829892076809283,-0.0206731356286842,-0.05089559237751281,-0.06500629294446428,0.0030442430262232613,0.20152716362780018,0.4647288563061994,0.7504650213844333,1.032694414551238,1.2962966828633309,1.5334061656986182,1.9184388801007657
2012-10-01,0.018370956963563022,-0.005643201620269956,-0.016391916841186367,-0.015294475674187947,0.08304700104228768,0.2841696765225924,0.5405241791630717,0.819562381523151,1.0996264005187681,1.366887357575993,1.6130764591969708,2.027377383930834
2012-11-01,0.01589505650920172,-0.0027199662682054174,-0.009542802175629549,-0.005792236372939365,0.09375297831575767,0.2870580764771669,0.5320489900423189,0.799393321615649,1.0691667186211002,1.328328282660838,1.5688172523795674,1.9782336152502658
2012-12-01,0.02432056509900056,-0.005545214415644609,-0.022851042135727553,-0.02885811882974112,0.03813249974842328,0.2075987072852403,0.4356083942884212,0.6913250229680376,0.9536125611005026,1.208458994219439,1.4470294326373647,1.8574747568693581
2013-01-01,0.04866283779217816,0.0072373096248454635,-0.020675167004109048,-0.03640499056572586,-0.000689864883028642,0.14722290947762412,0.3607960768621023,0.6072484851087312,0.86399783180668,1.1159609193413416,1.3535132526482252,1.7653600043405384
2013-02-01,0.04408276508392373,0.03952583080806712,0.04393146779757956,0.056400299804262755,0.17115696480122955,0.35854611582959756,0.5865049419217737,0.8322292008336969,1.0798750329012543,1.3187896918172661,1.542154672710037,1.928165702457322
2013-03-01,0.03674648834152749,0.042583508538409816,0.05583488999166999,0.07578260823420323,0.2098458551260122,0.4052884728887175,0.6354572165292834,0.8809319718067069,1.127859205998504,1.3666392210646348,1.5908956044066334,1.9817913119650084
2013-04-01,0.042113306088948095,0.0250196643206544,0.01744933324454754,0.018534901861591315,0.09407650790539171,0.25263335389538205,0.46168890807548324,0.697356631780132,0.942401931955291,1.1846847391417097,1.4159371248329808,1.8261150143667038
2013-05-01,0.03442292141290464,0.017418975865127806,0.008669937742000776,0.007473600219523177,0.06567560841772892,0.19911350192801258,0.3804453368474553,0.5891040256859507,0.8098463130979235,1.0315902052537846,1.246485961218293,1.6362067131121636
2013-06-01,0.024840925403070924,0.007128775979494641,-0.00164312908753255,-0.0022686207043068228,0.062597444431872,0.2067734237931856,0.40011962894977615,0.62031398593417,0.8510975459946098,1.0808856496171035,1.3016717796777444,1.6971157607434606
2013-07-01,0.03355161593160322,0.04945644847165669,0.07133296750160556,0.09859408536573308,0.25109234503493183,0.4522276427911243,0.6800695937788408,0.9185855540494352,1.1563022875544702,1.385247263831174,1.6001138438710143,1.9759221939098341
2013-08-01,0.019772338143238744,0.018654122716070892,0.026303781678750804,0.04183249131971939,0.16717178059085597,0.362862075931314,0.5972361954135053,0.8477993926015936,1.0989584559063688,1.3402700524059257,1.5650950442777067,1.951821940846985
2013-09-01,0.017643804416370833,0.02858958651931606,0.047866353053604094,0.07454632030776696,0.2392187297973262,0.46528402107153666,0.7212502752470984,0.9854689043422269,1.2435272754963353,1.4862774154980145,1.708352942657333,2.081551427578746
2013-10-01,0.020565162363810525,0.03487912908378323,0.05788792605691261,0.08859019682312573,0.27105662115624785,0.5155322388322023,0.788721125457448,1.0680525095824522,1.3387589609353197,1.591687180129119,1.8216664324561047,2.205077609337874
2013-11-01,0.03756898087415591,0.03899501821591097,0.049784328442115056,0.06893511059265398,0.21174974054771986,0.4264658788753145,0.6786752310574653,0.9445052522577825,1.207859535471452,1.458326181122174,1.6895998414897921,2.0830767583223473
2013-12-01,0.05670413723893331,0.03980187419916367,0.03420404921963253,0.03874990977495154,0.1381787965926311,0.3280199893134646,0.5681065581511701,0.830381379908605,1.0957351951959413,1.3516114689420664,1.5902000947035102,2.000218974980322
2014-01-01,0.11860147279976566,0.10541430027201282,0.10415488849687655,0.11350215866612237,0.23423143854215828,0.44447852857459613,0.7007827654970402,0.9737758483187384,1.244232937858584,1.5001510316088562,1.734598877484275,2.1277142227938346
2014-02-01,0.11166838344541109,0.09419319730676726,0.08927520777836145,0.0955099826346986,0.20788619833047894,0.41389969274108007,0.6679376889066784,0.9394210010532604,1.2085098266997794,1.4629490648308974,1.6957638189200863,2.0854560521312595
2014-03-01,0.11939934101442566,0.08754043394388339,0.06873179828648543,0.06161299694771172,0.12650312748629813,0.2950152813637701,0.5212084879278078,0.7734545327471142,1.0305464242294708,1.278791953212026,1.5098535536240933,1.9046941552267682
2014-04-01,0.16918483531573175,0.13964899027815036,0.1217509819383217,0.11433364061981671,0.16930288562810167,0.3200403741554747,0.5261223789878896,0.7591125616339521,0.9994622227310505,1.2341565508885888,1.4549349525234772,1.837776018073986
2014-05-01,0.15001005262353337,0.1279268043093786,0.11580132683170097,0.1126830963839804,0.1735920827465391,0.3187381261509367,0.5137952270512953,0.7341171357877323,0.9623671504392874,1.1866872243326303,1.3992889392734245,1.7723096686230881
2014-06-01,0.12243042970774708,0.09210886212108783,0.07209061186033139,0.06142643171931983,0.09558850408193151,0.21926398878917933,0.3976581985677762,0.6055390655967395,0.8249449892636936,1.0434039908376354,1.2525549557321858,1.6239104432792
2014-07-01,0.05855969719931794,0.028199620675151683,0.0077475588020301705,-0.0036792584168320952,0.025249642594422424,0.1422145959162461,0.3142370436224728,0.5171122644207153,0.7333705724844292,0.9506798005431187,1.1605975402334379,1.5383297752619918
2014-08-01,0.045886313097332695,0.015693004509964453,-0.0056097768036448255,-0.018781489400980556,-0.0036570873089173477,0.09264584836921404,0.24113576598251543,0.42024373477392923,0.6141606619019345,0.8115215684769268,1.004367519882766,1.356987854489043
2014-09-01,0.025820343884052976,-0.001976706556862295,-0.02197260273170152,-0.03481883996854892,-0.026317899947809725,0.054413313718310166,0.18221162408333594,0.33822033330595563,0.5085057865714963,0.6829566461452788,0.8544105408730284,1.1704244150479395
2014-10-01,-0.02240191059613151,-0.05172475236926802,-0.07316451825970499,-0.08736639059623665,-0.0833185639700315,-0.0053885400236027775,0.12125514017101856,0.27763447167342914,0.44962794486057495,0.6269044427989291,0.8020735156744991,1.127319773528667
2014-11-01,-0.02305078688943344,-0.04872944151057758,-0.06761049968654595,-0.08023357201565197,-0.07781950899057936,-0.010576770569840948,0.10009690144856481,0.2379053875335795,0.39058890862000045,0.5490659659591836,0.7067439007583475,1.0025725008211577
2014-12-01,-0.02007351649531895,-0.043698242772435426,-0.06135433667221386,-0.07349406923693676,-0.07503795387005639,-0.018177525205102386,0.07874576344995723,0.20157040953217584,0.33947953050443136,0.48432111788462445,0.6300561191840843,0.9080186619923319
2015-01-01,-0.017384082226214976,-0.03927433429772468,-0.056065061932615165,-0.0681285002417369,-0.0758419882206259,-0.032666843690293115,0.04603867175056133,0.14829258325575012,0.264838346983607,0.3886108710316976,0.5142993222327205,0.756875222801043
2015-02-01,-0.07411181061549235,-0.11047126018426956,-0.12561769744426807,-0.13184064718364752,-0.1334034886451909,-0.10980959469841362,-0.055661727728273394,0.022930768985626262,0.11654391556118467,0.21716412967846185,0.31900941624902107,0.5124442800822289
2015-03-01,-0.18478353518156165,-0.23223385821549333,-0.2245721444519476,-0.20666659397344356,-0.18004786096486178,-0.16958345657704504,-0.12416998597273898,-0.04841743064337854,0.04360174931451209,0.1408293270846467,0.2363401783257575,0.4090443023568634
2015-04-01,-0.20272062052042186,-0.2552257318594803,-0.250344996514447,-0.233438461963593,-0.20148110876804368,-0.18564863595914333,-0.1422507301290494,-0.07517348405072065,0.003944789670999192,0.086162367069358,0.1660241099463032,0.30878696524860966
2015-05-01,-0.2663814707750741,-0.30163123393902735,-0.29218561814081795,-0.27494904205171417,-0.23746715606279425,-0.2112024685697626,-0.16518724514094343,-0.10316275030619552,-0.03354036546229605,0.03733807254178599,0.10560149107811534,0.2272683376969049
2015-06-01,-0.2770768191776404,-0.2696994012195456,-0.26293169039745484,-0.25551153223039863,-0.20659116898793664,-0.12053049552138502,-0.006905245789605716,0.11987245181258917,0.24821882157414527,0.37072316171265307,0.48345334896894787,0.6748820787245653
2015-07-01,-0.25358491614481166,-0.2468075032873397,-0.24344692152316708,-0.24029109188212028,-0.1980745661469726,-0.09165948190508945,0.06106050165990345,0.2336047403522917,0.40644962325075107,0.5684089643683774,0.7144405210448791,0.9555971120899112
2015-08-01,-0.2618522655520142,-0.27058093955931634,-0.27682166883417336,-0.27954114556299886,-0.24788829767452636,-0.1535239188343951,-0.017090201796514107,0.14068882792441573,0.30463352013411293,0.46501465543787646,0.6161661378619823,0.8807326628382993
2015-09-01,-0.2531840747014759,-0.2689927470387038,-0.27878495669712583,-0.28309848225332856,-0.25507323055123987,-0.17369115671754556,-0.05899383987850541,0.07432547590332747,0.21567143707964598,0.3575691209869357,0.4949023423464426,0.7437896064883169
2015-10-01,-0.26577369770470266,-0.27578540574961097,-0.2810973469771677,-0.28193844237430365,-0.2459877771950155,-0.16077846811560395,-0.04323064806254415,0.09282814882680802,0.2369424732071834,0.3816046151702666,0.5216604619834865,0.7758344252654434
2015-11-01,-0.3206394780972465,-0.30988231153952167,-0.30407518576333825,-0.30073234362992474,-0.28214950758267976,-0.22537171951241583,-0.12736244363720292,-0.001598219377607163,0.13708122481468357,0.2772569167509174,0.4115760851302836,0.6488561868365118
2015-12-01,-0.3668946338914014,-0.36011818716403504,-0.3586480408449202,-0.35963140424028944,-0.3541730306084979,-0.3006448569258843,-0.19713123845881822,-0.06020283751228811,0.09247276719752505,0.2474743143682801,0.3962286073989367,0.6590113615653491
2016-01-01,-0.3971004220875237,-0.3797443695195858,-0.3700235503138051,-0.3644644555718005,-0.3422476658272764,-0.2780974924356288,-0.16611704811244174,-0.022390605132688177,0.1352994685987426,0.29356095819922096,0.4440503729308903,0.7070568134696875
2016-02-01,-0.4529598544743251,-0.43793399017427204,-0.4296433847519219,-0.4249467266310221,-0.40432069529120174,-0.34249055025151937,-0.2342494486892313,-0.09483829063256906,0.058745928317658326,0.21352996025757914,0.3612909397394047,0.6208177493121968
2016-03-01,-0.4689412662158001,-0.46809561448632103,-0.47184545872630795,-0.47767593257405416,-0.49168422407318085,-0.46100658557381735,-0.38336447195235096,-0.27328599379365054,-0.14663710909645233,-0.015712909834351845,0.1114362686862494,0.3386248087903781
2016-04-01,-0.4838670976399962,-0.4793524957751095,-0.48027508186704393,-0.4840355002115719,-0.4955643686525174,-0.4678922239561129,-0.3950402754822485,-0.28947586634540334,-0.16618149738068538,-0.037259776555205806,0.08909315415633304,0.31721989081824503
2016-05-01,-0.5522343585362565,-0.5421350696129975,-0.5241289658380202,-0.5100189139526691,-0.49947558605033443,-0.48407223348021866,-0.4235065291025961,-0.3269246135003823,-0.21126473079291624,-0.08972755366363003,0.029338462755276015,0.24406110928170527
2016-06-01,-0.5541979602031867,-0.5424727271457707,-0.5362886145001681,-0.5334362858141668,-0.5270962897464067,-0.4962021693455364,-0.43051791117956756,-0.3372761660594747,-0.22761169596437342,-0.11139721427379924,0.0041810367240472,0.21716429504076998
2016-07-01,-0.5804940938384141,-0.5771876410695914,-0.5781929420592538,-0.5814167200270498,-0.5910216841340992,-0.5689535796247719,-0.510984574414507,-0.42731457199606593,-0.32989499890889074,-0.22825802671693582,-0.1287959123672923,0.05058799331636524
2016-08-01,-0.6584293916634452,-0.6509171606850767,-0.6494833052079406,-0.6517135022215266,-0.6668595253161432,-0.6575926516500342,-0.6137158113003479,-0.5429127412803971,-0.45635384601059215,-0.363570335152528,-0.2712426820132669,-0.10232619575515021
2016-09-01,-0.6483827438864718,-0.6397151599665719,-0.6368728170785406,-0.6376656287603762,-0.6490855914863035,-0.640737353328665,-0.6012684621489017,-0.5364401091204958,-0.4559757104367246,-0.3686002868806267,-0.2806749948242019,-0.11759047223188744
2016-10-01,-0.6672480355218788,-0.6612381262928437,-0.6604243364628921,-0.6626675832393718,-0.6750821708268422,-0.662123808909953,-0.6147057434337865,-0.5402280575517081,-0.44952177877391153,-0.35201222885904526,-0.2544688409495724,-0.07440725694078346
2016-11-01,-0.7810617837263616,-0.7616640280012655,-0.7468017595964005,-0.7348782428212364,-0.6956663265550643,-0.644640366711517,-0.572154510782016,-0.48192733180871483,-0.3812313320941635,-0.2769170154740033,-0.17415063225306707,0.01469280480360717
2016-12-01,-0.7911714409426195,-0.776657057584972,-0.7653053336570749,-0.7551005309436069,-0.703315785380645,-0.6157412671254683,-0.49661986919324563,-0.3604692257021411,-0.2203659797879456,-0.08517118712726825,0.04015198880674154,0.254334739444696
2017-01-01,-0.8385550143820188,-0.8134194314144758,-0.8015173198989617,-0.7966565662674652,-0.7785827952638753,-0.701988103677313,-0.5664022710700528,-0.39899636141081046,-0.22390811408240172,-0.05627402980344585,0.09639847760624545,0.34943822945751096
2017-02-01,-0.7394653732325381,-0.7293261772922829,-0.7283352822017491,-0.7315962563429479,-0.7326018057841766,-0.6678282516720457,-0.5411497081143358,-0.3794301549998027,-0.2066323408993945,-0.03838130400331647,0.11700902099152942,0.37872459313632983
2017-03-01,-0.7854898647434105,-0.7909764999433454,-0.8012134576976206,-0.812185930918508,-0.8213688671561521,-0.7468788123123792,-0.6052437749520335,-0.42844005703138144,-0.24224026336981214,-0.0626857656439832,0.1020351681247115,0.37770055313012096
2017-04-01,-0.8572411545874685,-0.850564079385143,-0.8462710299668592,-0.8417746882998735,-0.7950232650720145,-0.6861723120059733,-0.529727648025953,-0.35019769795753797,-0.1672314657802997,0.006896302945827,0.16594504490382092,0.43228224903786616
2017-05-01,-0.7870367898713377,-0.7873231974758139,-0.7915037484953107,-0.7963281438332626,-0.7876778894188807,-0.7106801172810709,-0.5782705967361035,-0.41668426259987296,-0.24747018329700962,-0.08427929986988364,0.06577536142117296,0.31803687155595
2017-06-01,-0.7395035341726242,-0.733337265725853,-0.73034324292854,-0.7279497908983777,-0.6963039210673312,-0.6083169649599172,-0.4727505491876871,-0.3109389621360889,-0.14150887085101704,0.023061420189042933,0.17581447282308776,0.4361671523184475
2017-07-01,-0.7090472089652444,-0.7074339680210643,-0.7079546489371981,-0.7085000373081546,-0.6877018201858033,-0.6126966792832811,-0.4914426072679611,-0.34316827603269157,-0.1851634708196867,-0.029471312087914092,0.116809364470146,0.3697589063261164
2017-08-01,-0.6879564609257719,-0.6899070204717871,-0.6898064928471838,-0.6864999627285765,-0.6318854628153028,-0.5142547541738774,-0.3550663320927039,-0.17758615318393264,0.0009891082676147102,0.17018075257523707,0.32470933935639373,0.5844127594438289
2017-09-01,-0.7184652031524708,-0.7221503839835377,-0.7258583716287973,-0.727721087967378,-0.6985122520505824,-0.6036753723115938,-0.46084032292593735,-0.29407214880944627,-0.12228050744116162,0.04258455319544375,0.19423261504977268,0.45029396661911675
2017-10-01,-0.7620517222750303,-0.7608122055353745,-0.7603925042068672,-0.7588362957799983,-0.7212665733918107,-0.622980941764508,-0.4783658859270973,-0.30988243033077534,-0.13587286923563402,0.03175412469753642,0.18654296963179445,0.4492324287092857
2017-11-01,-0.7685992832356887,-0.7715452506472551,-0.7724805998284894,-0.7702897948069635,-0.7209761632306122,-0.6090814499538021,-0.4547371057704911,-0.280501220714058,-0.10347567146491646,0.06560803909817248,0.22109446424107135,0.4845048097998148
2017-12-01,-0.7782172972211271,-0.7806417662433115,-0.7816000339053094,-0.779895713402249,-0.7357236204072943,-0.6313993936363698,-0.4847579420775185,-0.31727142414535253,-0.14569464019389347,0.01920692996796222,0.17158534484535098,0.4310984240156425
2018-01-01,-0.8313961979356665,-0.8230453232331991,-0.8123183779533278,-0.7987963661241013,-0.7145841133300579,-0.5884871349984964,-0.436317214244788,-0.2737397298771092,-0.11238877968467118,0.04042725173678637,0.18084440369278246,0.4200356305328433
2018-02-01,-0.6346203914424913,-0.6533205664595045,-0.6606734657987212,-0.6583028549263656,-0.5779219256728303,-0.4306343324874474,-0.25717727842172294,-0.0805051849637387,0.08732393917874424,0.24073689145450394,0.37787837409210545,0.6050138447294746
2018-03-01,-0.6357243756093716,-0.6610475677642657,-0.6697316651303012,-0.6646257227206853,-0.5502551748852532,-0.3579384127327806,-0.14515543740648193,0.06012439893151158,0.24591050774940898,0.4085400609463856,0.5484300149059532,0.7693607890195006
2018-04-01,-0.6750442693140329,-0.6941487604033668,-0.6993258563756142,-0.6928904475264271,-0.5870313774977688,-0.41301236030899346,-0.2194174735671396,-0.0306528232105814,0.14227209535021776,0.2955319662600697,0.4289607837019347,0.6431128107696699
2018-05-01,-0.6505631252923456,-0.668120939829609,-0.6732227778518348,-0.6678576389838145,-0.5729772002900383,-0.41350562656905093,-0.23320017965549905,-0.054853062122523985,0.11067588304748628,0.25913225375518867,0.38976664458170407,0.6022439330920273
2018-06-01,-0.6169170373156443,-0.6481096186075457,-0.6648044412776503,-0.6692437063896309,-0.5998198247109018,-0.45115324979263927,-0.2736031519978338,-0.09387773615398019,0.07490593580688668,0.22724292752320477,0.36173140807645515,0.5808035872355742
2018-07-01,-0.6211793907516867,-0.6597146660013985,-0.6839103314437404,-0.6958497624126089,-0.6543386515836223,-0.527790611424468,-0.36587942776206833,-0.19613901018150537,-0.03295729106932425,0.11692148422045502,0.2510660013813024,0.47288203889194785
2018-08-01,-0.6322901517574153,-0.6628487474262917,-0.6815148610759363,-0.6899609709902514,-0.6485011776273659,-0.5340240769917988,-0.38796075455544976,-0.23387236005389858,-0.08447190782713632,0.053990628447591706,0.17901573112640606,0.38822211736028334
2018-09-01,-0.6251091887696599,-0.651449911191853,-0.6669174361717765,-0.6730157901469872,-0.6280772957293076,-0.5153189132173633,-0.3728059882531009,-0.22247944467661057,-0.07636563911507802,0.059496903886562064,0.18259691928885363,0.38954965237061223
2018-10-01,-0.6106000642277705,-0.6259836250243238,-0.6318601825933547,-0.6295761204823568,-0.5606247195328729,-0.4344705630760143,-0.28498577811790426,-0.13153385902889925,0.015437778183582723,0.15085398096750818,0.2727882261146973,0.47651834145181465
2018-11-01,-0.6993934938357266,-0.7046231187584564,-0.7008226178977874,-0.689357461381815,-0.5887613006299061,-0.4387803073872756,-0.272300903633829,-0.10743381130814757,0.04660666886646559,0.1858307606053654,0.30920754475412054,0.511390216417947
2018-12-01,-0.6987197110081671,-0.708377393873588,-0.7092263690388463,-0.7025186546789395,-0.620437512944041,-0.48597170232387854,-0.3309238258618921,-0.17353435967763248,-0.02364584794400042,0.11399452949828753,0.23764411895100804,0.44368535087977906
2019-01-01,-0.7462889289418966,-0.7447574125488623,-0.7376741018327858,-0.7257154916865651,-0.6408472657813347,-0.5191312173808044,-0.38200359965036096,-0.2428385572680407,-0.10938833971944471,0.014313494251143807,0.12658022207575645,0.31648316498432744
2019-02-01,-0.5953467632059884,-0.6120277955796499,-0.6239887320657617,-0.6311289696104845,-0.6143523865266687,-0.5398493968475145,-0.4302996480631684,-0.3047832416030676,-0.17652163990879,-0.053531193866269394,0.05998877224784562,0.25335705760910265
2019-03-01,-0.5556586174992374,-0.5644935657973008,-0.571692457816577,-0.5766797254930351,-0.5694128250089462,-0.5192070790844989,-0.4368285503879982,-0.3356030132291807,-0.2266576105951522,-0.11783419715517121,-0.014010727191608535,0.16963263189932307
2019-04-01,-0.5675430831883153,-0.5716753597465063,-0.5747785664301684,-0.5764017271318734,-0.5635487805668078,-0.5183056153580513,-0.446894824934511,-0.3585917998885182,-0.2618982975525985,-0.16332418053310033,-0.06731014553256229,0.10744935268041832
2019-05-01,-0.558158756299521,-0.5737048307237529,-0.5857806313862259,-0.594426602944664,-0.5971452730980076,-0.5575941863172047,-0.48870731613370316,-0.40217244088260873,-0.3071484492743856,-0.2101837103430922,-0.11560673278573234,0.057130084397625645
2019-06-01,-0.5731688411258744,-0.5891705623256058,-0.6036824681763093,-0.6161206758684362,-0.6393731429016346,-0.6187466098517099,-0.562654988136558,-0.48318082499987464,-0.3912058118010289,-0.2949580049286911,-0.20000252245734737,-0.02597574017537999
2019-07-01,-0.5801963801213266,-0.6087795444142767,-0.6337347857386623,-0.6549672482628986,-0.7035564111250768,-0.7014814159398065,-0.6622352256311095,-0.5990409804327703,-0.5226203156484535,-0.4407973944349516,-0.35884340464636677,-0.20622489327080493
2019-08-01,-0.6326991447361314,-0.6657189778744892,-0.693426316757381,-0.7161983428845614,-0.7651084838275723,-0.7620397980547259,-0.7242966093258699,-0.6650851094914888,-0.5940221013415542,-0.5178248975947942,-0.4409889603652639,-0.2956703084859306
2019-09-01,-0.7504313469677051,-0.7808039240179624,-0.8072717686142942,-0.8300383590048678,-0.8883412721816611,-0.9042754385985666,-0.8900157548859863,-0.855576007521886,-0.8086904259052335,-0.7550555250952442,-0.6986952854509614,-0.5877229638871093
2019-10-01,-0.714418977372089,-0.7352309129144368,-0.7541559290925319,-0.7710514976992487,-0.8173719556045954,-0.8314201132603006,-0.819072789002801,-0.7874714907720914,-0.7431927334960287,-0.6915849134747871,-0.6366705773503258,-0.5273443253134216
2019-11-01,-0.6533341246145955,-0.670691296996825,-0.6858607552686633,-0.6988380397027517,-0.7296906369266088,-0.7308679077273099,-0.7091317229899619,-0.6712705653159111,-0.6231352886360082,-0.5693489403190466,-0.513342108527031,-0.40348996560437145
2019-12-01,-0.6176214918407252,-0.6290318645040136,-0.6385166029102167,-0.6460767953377826,-0.657940872329033,-0.6441847656720775,-0.6110367082949101,-0.5646591920718737,-0.5103024346353375,-0.45206504017778937,-0.3929443339607112,-0.2795733735052141
2020-01-01,-0.6659668430461807,-0.6643513797086791,-0.663144204243774,-0.6618826543310508,-0.6505900601800978,-0.6235857523793222,-0.5809157832956311,-0.5266098963302768,-0.4653863916777196,-0.4013257383745119,-0.33748767194829354,-0.21794482912949265
2020-02-01,-0.5908827203321392,-0.6025320220282674,-0.6117429258539446,-0.6186609932188456,-0.6262716121756274,-0.6082626167344549,-0.5722684066299357,-0.5245109509638557,-0.469826559327255,-0.4118277460671902,-0.353111903981439,-0.24007587876667716
2020-03-01,-0.6211863930013696,-0.6275214457840431,-0.634931350437405,-0.6427676103809274,-0.6698039035727966,-0.6796252860193095,-0.668981239364786,-0.640836775225919,-0.6000453994801289,-0.5513834220207722,-0.498795533367162,-0.3927055952790001
2020-04-01,-0.7209265391113111,-0.7408154706464913,-0.7567680982799669,-0.7691589094368066,-0.7896776030535587,-0.7766940310121605,-0.7433718533059156,-0.6988238196199684,-0.6491619413460163,-0.598339412377444,-0.5487959882021686,-0.45847720719922164
2020-05-01,-0.5877660359833088,-0.6021927217744254,-0.6156652615476119,-0.6277627702450765,-0.6582600439479098,-0.6589570013564503,-0.6354831625460473,-0.5958864231561227,-0.5473252708797745,-0.495155425284765,-0.44297629730077104,-0.346381477922341
2020-06-01,-0.5611584475316416,-0.5769057183850329,-0.5951021039748385,-0.6141288138834818,-0.6793931829776063,-0.708949109111231,-0.7022939473818527,-0.6694614120960314,-0.621170292388645,-0.5657826965146914,-0.5089265133482043,-0.40277475998820994
2020-07-01,-0.5596715640177259,-0.578423221856654,-0.595690163514862,-0.6111861640481541,-0.652820628277696,-0.6620831049140791,-0.6447980011127112,-0.6088038045026986,-0.5612698975333159,-0.5078297575703288,-0.4525190168036613,-0.3459768349512954
2020-08-01,-0.583935503369925,-0.6013940941119926,-0.618153617476798,-0.6338068665095842,-0.6807269064964693,-0.6992056893688882,-0.6920741196937761,-0.6656394703222606,-0.6264258743917093,-0.5799140746814001,-0.5302315368971918,-0.43183042909386093
2020-09-01,-0.580951101380829,-0.599923584972848,-0.6179245269490706,-0.6346111683452627,-0.6844482016372176,-0.7050202316839178,-0.6997352499012792,-0.6749729780747482,-0.6371905852318512,-0.5918024474718868,-0.5429094019645804,-0.44515974589018753
2020-10-01,-0.5977593688823188,-0.6123298639072302,-0.6278000365479024,-0.643345451696084,-0.6959590416999172,-0.7222945475845965,-0.7210110109768114,-0.6977703684132636,-0.6596493537160871,-0.6129047742888823,-0.5623153305276749,-0.4616852180280162
2020-11-01,-0.6780995021582948,-0.6853952217333725,-0.6952961271749494,-0.706665240301325,-0.7519341098783422,-0.7789209922064788,-0.7812559891508912,-0.762437097573843,-0.7286909080279332,-0.6859941233331809,-0.6390724698594311,-0.5447538335214376
2020-12-01,-0.7005967918931986,-0.7074930193225237,-0.716108931847678,-0.7256061416993139,-0.7614046739294537,-0.7804793091210824,-0.7783914191438644,-0.758232279682076,-0.7252284499690029,-0.6844240592802285,-0.639865707937934,-0.5501750064130465
2021-01-01,-0.7448094322529225,-0.7450561853592321,-0.7473453452233385,-0.7509339239837016,-0.7681621713749462,-0.77679274801957,-0.7707313985842521,-0.7509089151846873,-0.7206899391700279,-0.6837634955826417,-0.643296503643571,-0.5606431484601501
2021-02-01,-0.6243356404509088,-0.6498072569596469,-0.6719723815592752,-0.6910808571150759,-0.7413978960994896,-0.7589675380795284,-0.7534517290113353,-0.7321345242674495,-0.7004610500324618,-0.6624599636006584,-0.6210738272762877,-0.5359750931203787
2021-03-01,-0.6175629809633347,-0.6409511984471687,-0.6606573980920682,-0.67697256236412,-0.7134940143851953,-0.714502404613946,-0.6911306251733025,-0.6517058673697089,-0.6023919109553194,-0.547692157935692,-0.4908425649595888,-0.3790681622393103
2021-04-01,-0.6122214050714159,-0.6383436144299288,-0.6601220320354606,-0.6779064936844137,-0.715315575164067,-0.7113131909406016,-0.6792169419175785,-0.6289512675865737,-0.5678278930845144,-0.5011568166091167,-0.4327233011775799,-0.30023035686954463
2021-05-01,-0.632859506574287,-0.6568274821137382,-0.6763919842718404,-0.6919142344618029,-0.719989191344324,-0.7065810816662574,-0.6653909906739989,-0.6065996049691378,-0.5376786951285671,-0.46402653478568584,-0.3894640146583791,-0.24723438422223568
2021-06-01,-0.6286699216980044,-0.6496176430363209,-0.6660019550942922,-0.678212743876441,-0.6922160258060177,-0.6643324404191755,-0.6091356384269263,-0.5373495194613171,-0.4567538474094722,-0.372889994093338,-0.28960918827816107,-0.13420005601787846
2021-07-01,-0.6440683636185452,-0.6636885226418179,-0.679135438586278,-0.6907591082287969,-0.7052248981688387,-0.6809515256981578,-0.6311518356219508,-0.5656083146874293,-0.49146679718125763,-0.41385782135993365,-0.3363815941612786,-0.19075501959309052
2021-08-01,-0.6542008052412259,-0.6778340164256963,-0.6975076165403167,-0.7135344424286663,-0.7467451272915749,-0.7418327286506335,-0.710867661359938,-0.6629153543238828,-0.6047096058508262,-0.5411836806779332,-0.47588810208604465,-0.3491710377579508
2021-09-01,-0.6581609938564466,-0.6898830041578485,-0.7168687300819349,-0.7395099127598932,-0.7935433428701265,-0.8029874134291526,-0.7823850001995304,-0.7424217741332796,-0.6908579441720036,-0.6332466113317692,-0.5734859555959426,-0.45727284697893533
2021-10-01,-0.6811770796995217,-0.7007042488152985,-0.7162647767796028,-0.72819580784135,-0.7455835095444333,-0.7263967582431026,-0.6832057641458028,-0.6252514916760781,-0.5592349487926288,-0.48993050429023816,-0.42066096683823967,-0.29037544175956237
2021-11-01,-0.717091922274347,-0.7219790293626509,-0.7236557680062008,-0.7224376841828664,-0.6941329337658833,-0.6392279249730863,-0.5688918626580288,-0.491046620095616,-0.4111891251664092,-0.33301996223040853,-0.2589219006747567,-0.12796726916732787
2021-12-01,-0.8419641019319705,-0.8375028025721103,-0.831424297848748,-0.82371233701892,-0.7778509249864541,-0.7136846014406754,-0.6395625624601677,-0.5623742089158497,-0.4868833349998205,-0.41599893298047697,-0.35125907313133437,-0.24207467542190952
2022-01-01,-0.7897334896715155,-0.7807168932046614,-0.7727711396569684,-0.7652168261805236,-0.7313161790600083,-0.6853794869977968,-0.6290795849874568,-0.5677026263750187,-0.5060190430463002,-0.44725615434160737,-0.3931910613319944,-0.3013617186253303
2022-02-01,-0.6880022144164225,-0.6924778698169944,-0.6913093328562081,-0.6854467825660796,-0.6298402555264614,-0.5474268252123338,-0.45812703868324567,-0.3719023044632827,-0.2931899869774136,-0.223465371197872,-0.16269803790970774,-0.06487200002833264
2022-03-01,-0.6988981844035391,-0.6864132279759635,-0.6595960740782633,-0.6233795083765512,-0.4430551576590724,-0.27061825066064,-0.13161466352973264,-0.024815620643056258,0.05663908789284049,0.11933811646807779,0.1683749301387214,0.23908104940481678
2022-04-01,-0.7177010867446253,-0.7066948546491353,-0.6720439076236379,-0.6241278737680352,-0.39882260315220597,-0.20046666282190231,-0.04668076015477718,0.07047269944041805,0.16027801887765306,0.22996093877093346,0.2847626904964291,0.36372604433170347
2022-05-01,-0.6520438673370311,-0.6105258213619414,-0.5143689729862359,-0.39643231033338433,0.045022905756199424,0.328509382610014,0.4985945471722286,0.6060990563050643,0.6787992145193634,0.7309228877023138,0.7700528860934702,0.8248492669802174
2022-06-01,-0.48806660282315556,-0.4188009400173953,-0.31991556576787333,-0.20943424078130457,0.20129316830264646,0.4864168545262222,0.6715337972975384,0.7948630682635277,0.8807792581769643,0.9433223713933475,0.9906209974418565,1.0571318216499976
2022-07-01,-0.4070822530082223,-0.15809562892701548,0.08159671909217385,0.28985629357743425,0.8240116262366285,1.0835038332313176,1.231043117232819,1.3294497691668503,1.402673209769469,1.460566913691776,1.5077734791481852,1.579682484829241
2022-08-01,-0.20557676326051902,-0.020427252678997275,0.1098663149935322,0.20519276473166162,0.43065157621203315,0.5807019194031422,0.7141840558081817,0.8352366807523294,0.9417073126110411,1.0330013505804005,1.1101854313731152,1.2297545839538135
2022-09-01,-0.023765955781974404,0.17276138112432998,0.3108535969521412,0.4083984362855801,0.5986055041618078,0.6890272933000616,0.7704883022441966,0.8530208702677582,0.9321958892073302,1.0040767111714606,1.0671017611289375,1.1676618854426133
2022-10-01,0.3541544599832692,0.780268263296488,1.0271433867737205,1.174201767323071,1.4100579676045621,1.5211459897480757,1.608236804053793,1.6779662608367205,1.7331646483524232,1.7769414316454422,1.8119728673917577,1.863591984003759
2022-11-01,0.8236179862782258,1.330586474019355,1.6019999718282492,1.74007990998517,1.8447516488740203,1.8659419761455593,1.9278727783157579,2.007128349412461,2.085507251610624,2.155438993427547,2.2146879936959376,2.3021257807236006
2022-12-01,1.2909455144053112,1.75762049478407,1.979717154145546,2.070509210381543,2.0412668158858662,1.9834993607052505,1.9874419806119072,2.0195751365130374,2.058441115441393,2.0948151242743625,2.125378777812427,2.1671464570755137
2023-01-01,1.60791455280834,1.9383396263928345,2.113055590197842,2.196702864361229,2.2033753276834025,2.136654688008618,2.107332422927839,2.105397608463846,2.1161532848639157,2.130946707575107,2.1454082460533583,2.166428914192546
2023-02-01,2.139121150617159,2.4446388638525987,2.571648711986986,2.6038282774112407,2.463864887320962,2.332598697230327,2.2703285018931134,2.2469683776812404,2.2424175816052325,2.2464787940556437,2.254029187238995,2.270258380102046
2023-03-01,2.488832256581218,2.760148608982972,2.8598196008193786,2.872144006326291,2.700194195913358,2.5619399139571404,2.4939073324143908,2.4635641768536294,2.4517127400643193,2.448923881077659,2.4504503212149085,2.457502992663582
2023-04-01,2.7235541799459946,2.852973422155734,2.896643463358034,2.891605858609173,2.723301010907778,2.5749606511535625,2.4934827285043406,2.456262267009231,2.4435875410932635,2.4436864146343233,2.449973066249838,2.4680239816480705
2023-05-01,2.8582974458806225,2.953236209836182,2.971588267530519,2.9459748293262162,2.7177068502671435,2.5361975663256713,2.4427298471212264,2.406550811073346,2.4016264357682733,2.412411818447152,2.4302709614065368,2.47034234760938
2023-06-01,3.000976289231826,3.0530815269666807,3.026336173451965,2.9609760236476195,2.6480331733097207,2.453286092038357,2.367403287375593,2.34244965551112,2.3484905397138607,2.3694812232431146,2.39691257511469,2.454777262513019
2023-07-01,3.2652745915772727,3.3420024412,3.3340471940818186,3.2789971820636366,2.941770071159091,2.6851368866045457,2.542963045009091,2.4744311531681817,2.4473568850772724,2.4427213743363634,2.4498589912636364,2.4779579976772728
2023-08-01,3.458991551709524,3.5233907768571426,3.5076948398047616,3.4474650019333333,3.0974579222952383,2.828986212809524,2.674767302428571,2.5949710342523806,2.5577062396238097,2.543869664428571,2.542630906352381,2.5559215231761905
2023-09-01,3.468141963947826,3.501468855804348,3.455948163582609,3.3713664602869566,2.9859873626782614,2.7397363489652173,2.6218985181652177,2.5769113828695653,2.569471583569565,2.5806060441260867,2.6002822769173912,2.6460498269478263
2023-10-01,3.578290195766667,3.637318960342857,3.5985623502714286,3.51247152422381,3.1102456714666666,2.8579470148285715,2.7389920403761905,2.693625211852381,2.6858492917285712,2.696821241538095,2.716671805995238,2.7640519589666668
2023-11-01,3.762120150359091,3.6811016225636366,3.578574413427273,3.4700597057090907,3.102825784159091,2.895643264490909,2.8035193775590908,2.7761211497090907,2.7827659766772728,2.8066172114227275,2.838524548031818,2.9084628711363636
2023-12-01,3.7599973304380954,3.6567565092380954,3.5315802062857142,3.4014021986,2.9661820239476193,2.718355368209524,2.6023277155619047,2.5603022105142856,2.55766608857619,2.5755685802761907,2.6037685113809523,2.6706790611380953
2024-01-01,3.752058529831579,3.5078685223105266,3.2939165336684213,3.1069236827368423,2.5730390566736845,2.2793398201473685,2.1312945318578946,2.0703367032210527,2.0603567669842104,2.0791096755263156,2.1129228093105263,2.195648382073684
2024-02-01,3.8548761210227274,3.5801264423136363,3.3425842403318184,3.137664879518182,2.5705696998545453,2.2779764245227274,2.1448289662636366,2.102569209272727,2.110464402659091,2.1444351713636363,2.1903664881772724,2.289032500304545
2024-03-01,3.8464356552761902,3.6194669540619047,3.4214031615761904,3.248871402933333,2.759313404261905,2.4927979634857147,2.3605580562714286,2.3080562930761905,2.301780462595238,2.3211680399761905,2.353652549190476,2.4305051047666666
2024-04-01,3.806018186585,3.6168014548450005,3.4481521049199997,3.298074679765,2.849786054695,2.5811155131550003,2.4301474891400003,2.35529105647,2.328677501405,2.33170223598,2.352013132575,2.414793738
2024-05-01,3.7426665341714287,3.5727906923285713,3.4210409059333333,3.2857488764285714,2.8806488059809525,2.638545823138095,2.50505524592381,2.442676832495238,2.4256568152285714,2.436409215057143,2.4630218414619045,2.534641565195238
2024-06-01,3.6734757415772723,3.535539858986364,3.4108108268772726,3.2982293466227275,2.950840636690909,2.7313740216409093,2.6016605585272727,2.5339044645136366,2.507957490640909,2.509301212777273,2.527554012877273,2.587607648240909
2024-07-01,3.519208457835,3.39684493366,3.28565868568,3.184822031655,2.87030232355,2.6682828613000003,2.54729828463,2.48374976724,2.460021726915,2.463042276545,2.48318336071,2.5486940865600003
2024-08-01,3.413540882221739,3.294473969786956,3.1860714928130434,3.0875887052956523,2.7795274234304346,2.581581537304348,2.464273416895652,2.4050161196913042,2.3865944201826084,2.395971899460869,2.423354959521739,2.5049351273304348
2024-09-01,3.2885263565333336,3.1089036901166662,2.9515376431333333,2.8139942553166666,2.42205904295,2.210513676716667,2.1115741373666665,2.0819764269833336,2.0939732034666667,2.129713461116667,2.1777090497166665,2.283702469966667
